date,y_actual,y_pred,contrib_tv,contrib_google_ads,contrib_meta,contrib_google_play,contrib_apple_search_ads
2020-01-06,850961.0,840338.2430412098,405.9078855519161,4806.799190283286,5050.822733768187,0.0,0.0
2020-01-13,825237.0,842661.7438701205,551.3616228910404,4540.927002735816,5451.092009726015,0.0,0.0
2020-01-20,848909.0,846298.9410042558,595.6497202485859,4852.441266604957,5521.814257566606,0.0,0.0
2020-01-27,839982.0,850229.0973241706,699.0638058515865,4640.63750111509,5391.802073536892,0.0,0.0
2020-02-03,875375.0,854950.5334048833,949.6623585896499,4564.38263617326,5233.87301914837,0.0,0.0
2020-02-10,851360.0,861334.0137915725,1193.3860219792602,4584.517146980178,5313.171936987806,0.0,0.0
2020-02-17,878418.0,867950.7213112346,1302.872137810421,4573.922222803933,5080.116826007095,0.0,0.0
2020-02-24,878101.0,875662.6272971855,1455.8395209764362,4625.746647113217,5036.706813173961,0.0,0.0
2020-03-02,623017.0,850417.8888801031,8221.356169613866,4961.279749127293,5238.563828751246,0.0,0.0
2020-03-09,640615.0,862817.9338615297,11738.208572158323,4907.702836182239,5581.334179115987,0.0,0.0
2020-03-16,662968.0,874297.9648931358,13896.933981384596,5069.211108286727,5864.810682265776,0.0,0.0
2020-03-23,667000.0,884209.7644252775,15177.204067943021,4825.324544303144,5555.573348529571,0.0,0.0
2020-03-30,646854.0,894265.5055854927,15720.823286025152,4885.340413877146,5806.936431275584,0.0,0.0
2020-04-06,517241.0,880866.5484252779,13786.96353398221,4836.288334070517,5851.580290829356,0.0,0.0
2020-04-13,532039.0,887600.7311284597,11975.50454703827,4857.166038169172,5439.770710408399,0.0,0.0
2020-04-20,508983.0,894767.5120459751,10304.194071926055,5065.813504642865,5362.05882351321,0.0,0.0
2020-04-27,532916.0,901603.8882738013,8826.618533592695,5025.775522490994,5499.956033067872,0.0,0.0
2020-05-04,701244.0,932030.5947972247,11745.128038624951,5059.575904514019,5699.486310093053,0.0,0.0
2020-05-11,712177.0,940621.94985776,13274.130742670792,5055.8080545261255,5806.285037078337,0.0,0.0
2020-05-18,702543.0,947911.2040799282,14509.434031995075,4990.260262597692,5665.16516622482,0.0,0.0
2020-05-25,701074.0,953634.8846889106,15044.826158133455,5026.476061063369,5565.459330097139,0.0,0.0
2020-06-01,1037800.0,996070.3827227729,13112.889017222678,4948.16099563922,5773.398161944601,0.0,0.0
2020-06-08,1069188.0,997591.0582862992,11296.444104453365,4847.895788706429,5902.443956478441,0.0,0.0
2020-06-15,1075679.0,998199.5507639544,9710.215205960125,5076.064524429952,5561.823700487104,0.0,0.0
2020-06-22,1068239.0,998082.314058589,8296.188810739635,5115.762239722339,5540.68385327802,0.0,0.0
2020-06-29,1059899.0,997151.2916336532,7004.491351239576,5092.910175208183,5819.158368449466,0.0,0.0
2020-07-06,893414.0,992834.6555403209,5899.800632418875,4293.440059477126,4895.177935171343,0.0,0.0
2020-07-13,912420.0,989774.8451028971,4952.809112416095,4340.691345486661,4840.649638359345,0.0,0.0
2020-07-20,887632.0,985819.8956113982,4325.269750681921,4246.609094272545,4728.918806252959,0.0,0.0
2020-07-27,887882.0,981012.1723059552,3583.023813721991,4369.550408964982,4702.4586435451065,0.0,0.0
2020-08-03,877990.0,974694.25140663,3221.9030492596294,4243.5867253252,4506.427377122219,0.0,0.0
2020-08-10,878665.0,968633.2454834735,2747.354486599737,4390.32486675009,4776.783621219079,0.0,0.0
2020-08-17,863702.0,961495.4970386378,2409.042824295392,4383.990103095922,4778.159020988771,0.0,0.0
2020-08-24,857529.0,953522.6619543023,2291.5786001056317,4274.68825265997,4550.993968498612,0.0,0.0
2020-08-31,838399.0,945253.2379406736,2152.069550772197,4150.265468154302,4663.855002556902,0.0,0.0
2020-09-07,980601.0,944102.4176046979,8530.636171113878,4934.744026591107,5293.599737359215,0.0,0.0
2020-09-14,969742.0,938477.4651931538,11600.92368634282,4748.963253065096,5698.016212607438,0.0,0.0
2020-09-21,952717.0,931514.5841145709,13592.631020326502,4995.799085853423,5609.145889823294,0.0,0.0
2020-09-28,944926.0,923337.889242194,14454.758435651234,5032.188984852887,5753.168898516824,0.0,0.0
2020-10-05,946638.0,911801.6633559292,12560.779280394123,4978.89588369459,5785.722519214515,0.0,0.0
2020-10-12,892256.0,900505.2154814878,10827.44961645201,4739.618414740815,5424.772976195115,0.0,0.0
2020-10-19,879064.0,890437.476182045,9170.175984106945,4733.3491966984,5597.1944276378135,0.0,0.0
2020-10-26,892136.0,881060.5578768806,7783.076206871534,4953.649941966437,5631.820842262589,0.0,0.0
2020-11-02,719538.0,850736.7442003929,11107.575599775799,4654.949592317134,5527.859570784801,0.0,0.0
2020-11-09,689898.0,845713.5884910433,13302.006661251293,4725.564766894035,5161.743218992851,0.0,0.0
2020-11-16,707926.0,840746.1598191841,14361.86232291255,4860.918885535372,5230.554264763741,0.0,0.0
2020-11-23,683575.0,836472.1236349819,15402.05235066411,4713.282211982767,5345.044464271482,0.0,0.0
2020-11-30,667930.0,832380.662722781,16059.230626291062,4623.743878188054,5064.580262572624,0.0,0.0
2020-12-07,630630.0,827335.2687768122,14145.343494679668,4850.725903452381,5477.088837372836,0.0,0.0
2020-12-14,642084.0,823074.6085513956,12326.105330276056,4686.176243416817,5588.670535298089,0.0,0.0
2020-12-21,624231.0,820114.2248823765,10570.66559400765,4661.474721466251,5564.246168903537,0.0,0.0
2020-12-28,638250.0,818559.1970309812,9018.283737163298,4846.769089234269,5486.44341223295,0.0,0.0
2021-01-04,833210.0,826560.2706461264,7666.613754990154,4901.206900594052,5206.434106234211,0.0,0.0
2021-01-11,815423.0,826603.0605403115,6529.687641128248,4810.951158006169,5438.1761862175845,0.0,0.0
2021-01-18,837274.0,827887.6739220694,5589.285945535892,4843.203386123611,5569.147637351136,0.0,0.0
2021-01-25,816644.0,830120.6401197369,4741.620771358607,4840.992120869628,5498.753823400855,0.0,0.0
2021-02-01,824534.0,833005.6178061585,4146.700660683159,4681.462737291911,5340.73869100434,0.0,0.0
2021-02-08,825020.0,837517.8248369879,3439.6595153169274,4719.79145211279,5387.552121686078,0.0,0.0
2021-02-15,845906.0,842976.8832063115,2863.926213329016,4555.661916316774,5536.799901623352,0.0,0.0
2021-02-22,867859.0,849472.5718996668,2555.133847985796,4819.002032378752,5264.458529213614,0.0,0.0
2021-03-01,880928.0,863181.9887281791,8655.453399799955,5011.69641505997,5634.004877290908,0.0,0.0
2021-03-08,905332.0,874963.1238926867,12351.80592512682,5015.133936868653,5595.336709597093,0.0,0.0
2021-03-15,893679.0,884758.5581751445,13971.139420885493,4846.906687592548,5405.655461667909,0.0,0.0
2021-03-22,919223.0,895100.9570745562,15163.68550279875,4968.293877541586,5449.341998299693,0.0,0.0
2021-03-29,929874.0,905293.9807523497,15867.368782358993,5081.504351988772,5735.816762350653,0.0,0.0
2021-04-05,950480.0,912125.928472157,13946.774536082228,5032.14085606363,5775.6295375370855,0.0,0.0
2021-04-12,963464.0,919193.4460000875,12084.482108554344,5098.791667007794,5451.739799657357,0.0,0.0
2021-04-19,979380.0,926716.5268444737,10319.122883487153,5133.578275393703,5758.738755252693,0.0,0.0
2021-04-26,970092.0,933471.623351973,8788.756517764967,5006.285004051496,5542.6574772183185,0.0,0.0
2021-05-03,984251.0,944456.206805894,12096.977897142979,5056.3515507351485,5403.829777106208,0.0,0.0
2021-05-10,1000511.0,954308.2305640233,13862.211348106708,5131.8915072867185,5725.635402804904,0.0,0.0
2021-05-17,1008622.0,962138.1610388595,15060.04454366962,4832.3980058507,5759.929526882278,0.0,0.0
2021-05-24,1024981.0,969124.7763414222,15704.145681008327,5051.487851779934,5702.088185585524,0.0,0.0
2021-05-31,1041599.0,975287.0899205856,16151.961830169434,5164.564674296919,5910.335571548127,0.0,0.0
2021-06-07,1166768.0,991620.232862419,14169.646640950083,4831.0934344493035,5542.025492939333,0.0,0.0
2021-06-14,1169315.0,993221.3313607886,12290.371159277618,5118.641035342627,5389.484431708301,0.0,0.0
2021-06-21,1210594.0,994008.4263585634,10518.052265180197,5082.789296093236,5707.046399830183,0.0,0.0
2021-06-28,1173452.0,993393.0544837964,9011.991488861748,4932.274161069128,5530.527339862708,0.0,0.0
2021-07-05,1026882.0,990626.8342797142,7725.424142401405,4373.050820632453,4916.429168162544,0.0,0.0
2021-07-12,1017818.0,988436.3700550343,6616.1761784186665,4485.001987516221,4746.9422802701,0.0,0.0
2021-07-19,1016068.0,985264.8704749106,5509.286165301702,4503.959743910261,4740.337621012521,0.0,0.0
2021-07-26,1002052.0,980937.1324993507,4769.038156122141,4334.701884632298,4469.8474910464465,0.0,0.0
2021-08-02,997931.0,976160.0653350931,4023.428513742362,4511.631703705368,4892.201276007533,0.0,0.0
2021-08-09,991882.0,970021.2900575674,3453.382657640448,4300.184169017717,4689.204816434015,0.0,0.0
2021-08-16,975635.0,963664.7879717551,3097.208722644541,4460.0252804143165,4502.1685123771,0.0,0.0
2021-08-23,980909.0,956760.5819976071,2746.3403191876964,4350.838603941494,4869.631223837528,0.0,0.0
2021-08-30,965478.0,948918.4942833415,2343.3700358082697,4453.252833638844,4826.60111846198,0.0,0.0
2021-09-06,1102393.0,948548.5690831768,9413.292772513574,4738.098877240595,5603.0797937706075,0.0,0.0
2021-09-13,1084935.0,942744.5367775845,11947.441104896701,5078.97914159308,5522.242111324204,0.0,0.0
2021-09-20,1074271.0,936209.3072034764,14095.086419721487,5093.285979473778,5698.759537568525,0.0,0.0
2021-09-27,1045852.0,927993.7026074923,15293.44606310753,4954.7936383073165,5574.642240228674,0.0,0.0
2021-10-04,1032163.0,916250.139902868,13374.521734806955,4736.530273451258,5565.8697201022205,0.0,0.0
2021-10-11,1016603.0,905538.852322294,11522.6179208433,4968.997284329381,5705.050723140006,0.0,0.0
2021-10-18,1022348.0,894881.0547115267,9851.021480304023,4848.201344554425,5795.471374399763,0.0,0.0
2021-10-25,998198.0,884493.1167504644,8298.16258966111,5078.011527298164,5389.532666563167,0.0,0.0
2021-11-01,975743.0,879282.7901594462,12192.015348509756,4594.90570475996,5405.285178653489,0.0,0.0
2021-11-08,964450.0,873624.6742524185,14011.464032801689,4795.926550840548,5357.671763358298,0.0,0.0
2021-11-15,952162.0,867594.1169529784,15315.75004746767,4563.608980424438,5250.58981146169,0.0,0.0
2021-11-22,969565.0,862240.2396542495,15919.090690430055,4768.925066324338,5220.616204444506,0.0,0.0
2021-11-29,933707.0,857095.5537917413,16286.768277326226,4765.719479606263,5093.602257502054,0.0,0.0
2021-12-06,864384.0,850459.6374230575,14348.776156054926,4749.012684519551,5200.8443705386835,0.0,0.0
2021-12-13,876304.0,845598.701693365,12443.75895122725,4872.28310929527,5496.108037466186,0.0,0.0
2021-12-20,839329.0,841566.8337655689,10720.248693170419,4712.78465806914,5612.4692448796,0.0,0.0
2021-12-27,863201.0,838646.7454991891,9077.60746488023,4688.785683582494,5585.368783483341,0.0,0.0
2022-01-03,889708.0,829559.2597697104,7719.1942646686675,4717.60884576505,5683.428763656678,0.0,0.0
2022-01-10,883647.0,829103.2751197665,6526.1284514695935,4731.541615532849,5370.15866669006,0.0,0.0
2022-01-17,909559.0,830723.6382569616,5594.267249984196,4927.763553158449,5647.532917547785,0.0,0.0
2022-01-24,907784.0,832853.5107310235,4858.507476277475,4890.202056117746,5345.135264985852,0.0,0.0
2022-01-31,894505.0,836228.2028094117,4266.067518826437,4808.163457603357,5248.87687098897,0.0,0.0
2022-02-07,907540.0,833054.0389107759,3629.915582257022,4620.238154622755,5465.895768923729,0.0,0.0
2022-02-14,901654.0,838854.2541921919,3165.9643191373016,4877.067771205023,5455.916949908881,0.0,0.0
2022-02-21,937425.0,844736.5017381913,2763.020919239391,4632.70515792963,5160.949530937644,0.0,0.0
2022-02-28,949790.0,852091.4589014223,2542.3405292237035,4650.556397013457,5145.91416934428,0.0,0.0
2022-03-07,961556.0,860171.4008923055,9488.93598541774,4982.96685694235,5587.430442166166,0.0,0.0
2022-03-14,994187.0,871933.4080145905,12477.354501438102,5133.871057773443,5658.247812240564,0.0,0.0
2022-03-21,987551.0,882969.2946594788,14494.392301427795,4910.41028474414,5945.463349334745,0.0,0.0
2022-03-28,1011714.0,893164.0220704946,15430.820928230058,5193.483024794033,5801.603615536566,0.0,0.0
2022-04-04,1026586.0,892167.5509044462,13485.224386422253,4885.129905955449,5559.700762802727,0.0,0.0
2022-04-11,1034602.0,899570.6144760755,11629.988383128057,5081.758814697805,5525.687261757736,0.0,0.0
2022-04-18,1054568.0,906933.9267620412,9964.723502857,5099.77104446585,5511.1883180659515,0.0,0.0
2022-04-25,1059324.0,913912.8014445181,8426.437292973009,4960.291838099275,5510.4376297082,0.0,0.0
2022-05-02,1070597.0,917875.6511020878,11873.213127109033,4924.386002282179,5621.72878804825,0.0,0.0
2022-05-09,1089228.0,927487.0142887622,13452.366273228437,5136.557673633685,5790.7952073793585,0.0,0.0
2022-05-16,1090152.0,935618.7422896296,15058.772959093603,4875.27206420744,5642.824783141448,0.0,0.0
2022-05-23,1110631.0,942476.072289077,15646.660690980127,4921.358008609822,5657.07788061361,0.0,0.0
2022-05-30,1112387.0,948666.3673819148,16162.924512206562,5020.160286751048,5859.074580805428,0.0,0.0
2022-06-06,1123263.0,943476.6061135314,14232.50808410971,5171.4045046117935,5788.287070862467,0.0,0.0
2022-06-13,1115891.0,944692.212897473,12365.038002034114,5057.887012976645,5622.486748425825,0.0,0.0
2022-06-20,1107529.0,945081.7915081559,10575.778541795084,4974.625933675295,5559.73433778775,0.0,0.0
2022-06-27,1136744.0,945096.9012568654,9081.235560269142,5069.29496106833,5803.534090327014,0.0,0.0
2022-07-04,965603.0,934759.0347840253,7632.84865113112,4453.8143133846825,5136.028357903376,0.0,0.0
2022-07-11,975530.0,932041.9163718047,6383.56459255981,4320.783190346462,4807.602165981602,0.0,0.0
2022-07-18,943295.0,929245.0232462105,5373.120092366592,4550.550983453232,4836.492820214041,0.0,0.0
2022-07-25,939030.0,924724.8218763636,4482.694237023005,4312.322754198006,4612.626649481268,0.0,0.0
2022-08-01,933125.0,912184.6421063791,3755.2124108943513,4522.656200118357,4504.322900321588,0.0,0.0
2022-08-08,931544.0,906527.1623912319,3398.518230346879,4258.879070676371,4658.0158385138275,0.0,0.0
2022-08-15,907804.0,900133.4986570083,3071.2474961456464,4300.849423335384,4569.285410016101,0.0,0.0
2022-08-22,893820.0,893171.5235626315,2735.9676299115945,4416.0648679574815,4608.4522544026795,0.0,0.0
2022-08-29,905999.0,885440.1288873025,2398.653214177103,4370.502027045936,4739.912562247295,0.0,0.0
2022-09-05,1023104.0,877983.5435358743,9466.449628663697,4852.377348608338,5495.378369643209,0.0,0.0
2022-09-12,1019683.0,872395.6706700595,12481.994071457097,4776.019115136176,5506.085072652859,0.0,0.0
2022-09-19,1008872.0,865835.4792629798,14525.268398878701,4881.036121238318,5757.042336051982,0.0,0.0
2022-09-26,988132.0,857817.0197129978,15634.536297995706,4985.514256586304,5647.060708514283,0.0,0.0
2022-10-03,969999.0,839302.8495995272,13742.642559453665,5068.858517418263,5860.350014266001,0.0,0.0
2022-10-10,944872.0,827705.1748047817,11959.299933503988,4841.512431396161,5453.501468947525,0.0,0.0
2022-10-17,934541.0,817397.0243835608,10312.40221967418,4811.974835860655,5738.806782595377,0.0,0.0
2022-10-24,935275.0,807390.2234293707,8735.07222980433,5056.21187463306,5740.191242979618,0.0,0.0
2022-10-31,902757.0,797862.02393934,7473.529331714304,4921.635320348072,5813.118065376992,0.0,0.0
2022-11-07,890323.0,786057.3300240372,11400.121920255673,4700.5950711588275,5642.120198991855,0.0,0.0
2022-11-14,868093.0,781364.0843217282,13840.879813788395,4719.299942993577,5497.969473991772,0.0,0.0
2022-11-21,864427.0,776356.493141035,14775.59151484292,4908.779481583541,5502.08123657746,0.0,0.0
2022-11-28,864614.0,771874.2474341067,15817.558225714118,4813.9067965431805,5455.709464985007,0.0,0.0
2022-12-05,773137.0,757592.8682071539,13850.426457853073,4698.206156300375,5290.240848318462,0.0,0.0
2022-12-12,814229.0,752806.6531881412,12019.508251141848,4851.193534013221,5575.287358342787,0.0,0.0
2022-12-19,777438.0,748458.3062509167,10270.240196556166,4885.352783953762,5255.8226515793,0.0,0.0
2022-12-26,784264.0,745678.9742890391,8695.200850107336,4670.792612203297,5492.891701794714,0.0,0.0
2023-01-02,682554.0,730259.2719575234,7411.310934887406,4803.109582627447,5332.695111357062,0.0,0.0
2023-01-09,665089.0,730225.4815610506,6361.221929162992,4823.496550862468,5374.498836298181,0.0,0.0
2023-01-16,654055.0,731386.3668413124,5311.391046838275,4825.487410147739,5441.397758919961,0.0,0.0
2023-01-23,680533.0,733963.162492303,4619.349483477888,4938.973193266003,5488.455586916965,0.0,0.0
2023-01-30,675567.0,737320.1503551612,4017.2802512192975,4671.156314564661,5505.691839981212,0.0,0.0
2023-02-06,671112.0,734750.4986860461,3544.3058020593544,4933.184111359723,5677.993000427585,0.0,0.0
2023-02-13,702514.0,740029.8650294883,3245.241113464121,4914.795548872772,5314.776215184445,0.0,0.0
2023-02-20,708380.0,746513.4672937398,2868.443493210626,4831.967005355186,5369.128509454983,0.0,0.0
2023-02-27,722202.0,753551.1316015025,2665.1400495154817,4603.629753114205,5346.035683131326,0.0,0.0
2023-03-06,718940.0,762003.9772366382,10081.527972710703,4992.035682409957,5608.057246957524,0.0,0.0
2023-03-13,726498.0,773148.5832386891,12637.306276268317,5047.711542409171,5544.3062134455,0.0,0.0
2023-03-20,755081.0,783968.9573400122,14292.70859881797,5206.883060387026,5661.151134624563,0.0,0.0
2023-03-27,767756.0,793737.9162283078,15075.662944297212,5132.673720142365,5581.007093103975,0.0,0.0
2023-04-03,782139.0,793470.2142080647,13163.265042775687,4912.508399791338,5997.047327139868,0.0,0.0
2023-04-10,801532.0,800720.2653137988,11322.484361585151,5147.933801539183,5694.646947059431,0.0,0.0
2023-04-17,804170.0,807849.510449895,9648.830739106901,4893.047174260307,5757.989922356245,0.0,0.0
2023-04-24,808778.0,815282.5664713684,8253.118715772594,5043.525505101164,5801.286450934848,0.0,0.0
2023-05-01,817209.0,819180.2536652202,11988.926645562331,4935.971134188359,5621.385497139433,0.0,0.0
2023-05-08,814186.0,829023.4049175222,13865.839817343238,4976.394319837115,5832.258612101704,0.0,0.0
2023-05-15,834692.0,837246.4899114504,14886.777441871105,5139.2342932226775,5888.298256824788,0.0,0.0
2023-05-22,826290.0,843782.5207086187,15619.267799092075,5131.978324565601,5548.90474155662,0.0,0.0
2023-05-29,844836.0,849643.45062241,16094.62685944115,5125.127675149734,5588.973550332143,0.0,0.0
2023-06-05,851858.0,849882.7856260695,14169.735006497542,5191.622162795233,5919.108370926188,0.0,0.0
2023-06-12,866642.0,851331.4560393707,12281.980937952949,4998.815843517978,6022.365069365126,0.0,0.0
2023-06-19,844182.0,851379.4958019614,10525.572265327288,4879.909002055458,5686.294534014677,0.0,0.0
2023-06-26,854280.0,851417.192885482,9042.436237696524,5168.882036500066,5683.622290868438,0.0,0.0
2023-07-03,724172.0,850106.5454174364,7692.569928008218,4396.401822364533,5133.519125189829,0.0,0.0
2023-07-10,713882.0,847843.9935488561,6501.260047712695,4348.565936598528,5104.4387315967615,0.0,0.0
2023-07-17,708782.0,844855.486121292,5593.461135323632,4416.307880323239,5073.955216722408,0.0,0.0
2023-07-24,722421.0,840506.731150818,4636.114521011238,4339.915598531857,4905.285942338856,0.0,0.0
2023-07-31,699816.0,835928.0592582935,3875.1507375679216,4532.003369811551,5065.015065393757,0.0,0.0
2023-08-07,684055.0,831211.6377055661,3294.979336510447,4248.176171976486,5072.567628849611,0.0,0.0
2023-08-14,701077.0,824779.6054063814,2830.8339070360744,4435.152986898949,4956.707971395549,0.0,0.0
2023-08-21,695315.0,817413.0138550325,2375.0328052640148,4290.030498695892,5039.991896112917,0.0,0.0
2023-08-28,672996.0,809599.466040459,2218.2680342030876,4474.624664541524,4709.090726642998,0.0,0.0
2023-09-04,781513.0,810867.8403961567,9255.00584082039,4970.962926814172,5184.102885494694,0.0,0.0
2023-09-11,781068.0,805389.8023172172,12047.462940176332,5020.239188317901,5411.977330703203,0.0,0.0
2023-09-18,762096.0,798420.3694542764,13887.25027768314,5061.935235312127,5495.02210342202,0.0,0.0
2023-09-25,753235.0,791016.9498121894,15238.923196068925,5133.979398455805,5750.110992891544,0.0,0.0
2023-10-02,754311.0,780689.1533062214,13304.62376875378,5025.839090792182,5438.743207352916,0.0,0.0
2023-10-09,740418.0,769727.440070533,11486.17763044633,5079.326926405821,5385.558094017951,0.0,0.0
2023-10-16,736714.0,759258.0731850563,9840.943394430886,5054.6315787293015,5568.201195514254,0.0,0.0
2023-10-23,699930.0,749150.2688920682,8425.147233638005,5055.491506561058,5519.08207235857,0.0,0.0
2023-10-30,698509.0,739540.701826225,7063.057965659465,5127.58901305473,5425.408729191133,0.0,0.0
2023-11-06,693501.0,737037.27874554,11019.930426229581,4827.7017460024035,5635.854003250839,0.0,0.0
2023-11-13,674684.0,732695.709724892,13532.393093624125,4861.741896645209,5673.549210654948,0.0,0.0
2023-11-20,686097.0,727841.1370888208,14714.086461903,4957.751099503623,5725.4226073295085,0.0,0.0
2023-11-27,679060.0,723292.5211472039,15926.476025002581,4683.473902560161,5563.5795787554625,0.0,0.0
2023-12-04,614642.0,718377.8569239347,14005.34602011049,4713.467144646198,5690.630428261912,0.0,0.0
2023-12-11,621453.0,713384.8736070198,12156.744939503931,4912.046269021047,5684.98691729635,0.0,0.0
2023-12-18,628819.0,708978.8502877498,10387.73807893385,4833.533835204878,5376.157293832233,0.0,0.0
2023-12-25,630046.0,706336.8517703343,8889.576541665074,4737.332669602748,5553.676467298188,0.0,0.0
2024-01-01,690922.0,697701.8773780103,7555.102191727657,4917.297542065819,5416.497359881389,0.0,0.0
2024-01-08,685233.0,697209.6541486522,6426.990298597839,4727.953744146161,5204.646501824568,0.0,0.0
2024-01-15,679757.0,698919.0726615082,5541.03911937555,4827.895034659096,5655.1566718023005,0.0,0.0
2024-01-22,697297.0,701171.0490610998,4680.224877894776,4913.611979730984,5489.333895733815,0.0,0.0
2024-01-29,707917.0,705028.0081808337,4120.079785915965,4986.2197770599605,5632.48718612649,0.0,0.0
2024-02-05,700227.0,710418.3513452848,3634.7303011324584,4734.436070833569,5320.584594612506,0.0,0.0
2024-02-12,703579.0,715756.887272519,3114.3710393353135,4718.14079740152,5189.178496876171,0.0,0.0
2024-02-19,709863.0,722585.6286811603,2743.182989180334,4774.920878945921,5523.499226296399,0.0,0.0
2024-02-26,713027.0,729724.9670307741,2573.4218214245616,4662.267183163749,5462.314907742044,0.0,0.0
2024-03-04,736213.0,746747.0848208464,9623.994558255345,5119.724744423085,5555.598622321532,0.0,0.0
2024-03-11,776413.0,759157.8218344096,13130.169887357859,5150.607050212334,5831.787920953349,0.0,0.0
2024-03-18,779858.0,769096.642321007,14496.066557331558,4994.988941901863,5662.308805972473,0.0,0.0
2024-03-25,794464.0,779576.584413234,15306.085903129688,5249.063603723149,5993.082812381253,0.0,0.0
2024-04-01,804138.0,787965.2165104495,13361.924111086078,5067.757144840559,6007.350250706508,0.0,0.0
2024-04-08,817515.0,794989.5881453186,11600.033482721996,4991.932980537941,5734.505291678497,0.0,0.0
2024-04-15,824913.0,802573.013671143,9959.353994700929,4933.863820917238,6004.955685397356,0.0,0.0
2024-04-22,832053.0,810117.5824416591,8549.250039955667,5242.526959783688,6058.775992735188,0.0,0.0
2024-04-29,855857.0,816573.7617292246,7263.191206110984,4946.817216799322,5850.150916885766,0.0,0.0
2024-05-06,863243.0,829912.9665359461,11794.380481253082,5088.66402974834,5603.988128176702,0.0,0.0
2024-05-13,876343.0,838969.7360365831,13590.908532006553,5215.782864353811,5781.439928196935,0.0,0.0
2024-05-20,886901.0,846788.7787860767,15237.173327847968,5047.779755805523,5917.691098125807,0.0,0.0
2024-05-27,881082.0,853302.8168799524,16305.470577310301,5196.592379823333,5940.29984471073,0.0,0.0
2024-06-03,913007.0,867366.4614418398,14374.957898067827,5216.271690637333,5965.063452900773,0.0,0.0
2024-06-10,897241.0,868780.4360765296,12537.027183179074,4974.299713444571,6057.877413507442,0.0,0.0
2024-06-17,906960.0,869124.2006146371,10843.72583724887,4948.452264920096,5810.870877433365,0.0,0.0
2024-06-24,911474.0,869129.4651529591,9317.741489585935,5203.7737956601295,5836.607350252625,0.0,0.0
2024-07-01,760319.0,867074.2828326278,7941.395810026725,4655.017041011578,5217.464377106741,0.0,0.0
2024-07-08,768482.0,864285.2649294181,6739.603842906539,4556.333489863637,4755.262453787137,0.0,0.0
2024-07-15,760546.0,861276.9660081223,5820.15164453292,4401.151825659995,4898.960528313748,0.0,0.0
2024-07-22,753916.0,857191.3736192083,5057.876391994439,4513.827485866083,4633.713908240065,0.0,0.0
2024-07-29,746831.0,852240.3796270994,4205.741264582238,4483.761938678966,4721.021148994375,0.0,0.0
2024-08-05,745851.0,847507.2823618053,3741.646293654165,4608.092180082097,5050.226987141913,0.0,0.0
2024-08-12,736943.0,840354.2295022033,3341.4222556315035,4281.432945316408,4653.608587047845,0.0,0.0
2024-08-19,732668.0,833550.2495547084,3031.363367917242,4507.171166261529,4779.832443898464,0.0,0.0
2024-08-26,716024.0,825472.139017066,2677.3358483039265,4437.956976072077,4655.484759162081,0.0,0.0
2024-09-02,814489.0,825886.9323569363,9332.15051694557,4825.87710680443,5611.081783963682,0.0,0.0
2024-09-09,825267.0,821049.1040902189,12992.20318788386,4870.515046574806,5651.106961617238,0.0,0.0
2024-09-16,817957.0,813904.716818384,14746.014996575122,4968.861965609634,5572.3178229047035,0.0,0.0
2024-09-23,819657.0,805945.5384663106,15999.269582196743,4909.396208400283,5515.904481571006,0.0,0.0
2024-09-30,801945.0,797605.9376069566,16527.12480127749,5131.759975642589,5651.010816588568,0.0,0.0
2024-10-07,760850.0,787089.9770635237,14603.542078462746,5113.529952442637,5835.503915393748,0.0,0.0
2024-10-14,760545.0,775670.0584288099,12738.876639458595,4878.209541482297,5481.848146525671,0.0,0.0
2024-10-21,768365.0,765414.8990142915,11024.411260748097,5000.070167605267,5433.83281353328,0.0,0.0
2024-10-28,744411.0,755726.0866774961,9418.91742946457,4899.418079286476,5642.705265508712,0.0,0.0
2024-11-04,732367.0,751340.7748280191,12409.590009259296,4926.885929178756,5436.6764835108925,0.0,0.0
2024-11-11,727118.0,745803.7486406734,13965.038484752087,4788.795739741862,5473.815523306399,0.0,0.0
2024-11-18,709198.0,741361.5792264773,15381.795178438646,4941.884264237489,5634.545451438412,0.0,0.0
2024-11-25,710024.0,736518.5894071835,15942.962106308367,4732.955152776632,5766.771614390738,0.0,0.0
2024-12-02,653597.0,730650.9102546775,14016.567161282264,4887.924310141863,5600.733364220879,0.0,0.0
2024-12-09,645686.0,725084.8176471924,12174.634290172296,4668.220305233581,5446.835408202152,0.0,0.0
2024-12-16,653018.0,721055.7265059792,10455.19263327104,4674.442568850754,5522.277397447339,0.0,0.0
2024-12-23,633103.0,718031.602384753,8872.849077123807,4688.852204079949,5284.362044466837,0.0,0.0
2024-12-30,661282.0,716671.9010094609,7444.004516040596,4961.816483989753,5185.747754277083,0.0,0.0
2025-01-06,725521.0,711115.432870206,6394.7004043355855,4929.006199691902,5617.272203141602,0.0,0.0
2025-01-13,737190.0,712166.590494798,5327.751116963411,4985.697831368262,5584.310339228286,0.0,0.0
2025-01-20,722750.0,714619.0299912104,4588.245035481386,4866.273242383095,5667.753055297217,0.0,0.0
2025-01-27,747971.0,717972.3071904285,3874.666193736295,4721.890944527733,5753.647089080746,0.0,0.0
2025-02-03,763411.0,722973.5934186047,3324.668948150558,4723.227039150355,5736.777445072435,0.0,0.0
2025-02-10,755999.0,728498.2341109633,2957.5966408578392,4919.627115810789,5447.219732779638,0.0,0.0
2025-02-17,756099.0,735146.675890637,2702.447154451768,4740.900720715505,5610.6857435111915,0.0,0.0
2025-02-24,784594.0,742476.7705354814,2367.1393794426003,4831.072126277669,5738.694285862878,0.0,0.0
2025-03-03,816082.0,758565.1522665999,9636.784561969938,5054.61106201068,5774.669397513875,0.0,0.0
2025-03-10,803080.0,770797.3049976483,13171.639550692878,5149.500224311748,5821.125506504528,0.0,0.0
2025-03-17,822270.0,781767.5399425863,15097.778906466849,5260.80636765088,5823.281906369227,0.0,0.0
2025-03-24,837426.0,791948.0334426614,16303.25623377399,5023.819116842289,5930.514509157142,0.0,0.0
2025-03-31,851493.0,801903.8630959829,16663.161828218235,5195.168989317282,6094.058779973579,0.0,0.0
2025-04-07,860232.0,809335.7356367883,14747.064674745427,5008.020900784258,6107.600923949907,0.0,0.0
2025-04-14,860530.0,816371.3713423995,12903.33170934709,5099.526394095514,5947.8098380963875,0.0,0.0
2025-04-21,899396.0,823376.7448521081,11096.247597298063,5083.882178479111,6125.4786101556465,0.0,0.0
2025-04-28,908554.0,829686.2115151649,9469.981573582285,5216.919658941839,5745.683558845285,0.0,0.0
2025-05-05,892729.0,840472.5449783008,12499.413044285706,4965.4908946605365,5658.225586149652,0.0,0.0
2025-05-12,937469.0,849742.204781037,14675.236418514296,5092.293252778357,5683.66559122297,0.0,0.0
2025-05-19,944955.0,856590.516565233,15561.012346689136,4996.772333179183,5557.929682545533,0.0,0.0
2025-05-26,935929.0,863342.4562607779,16347.112440527968,5236.293663291642,5966.714877941472,0.0,0.0
2025-06-02,952321.0,865778.6732479107,14373.258616957954,4982.588857944233,5777.296291415495,0.0,0.0
2025-06-09,936644.0,867107.3938972411,12558.988829143542,4937.598632608919,5637.4851599567,0.0,0.0
2025-06-16,949554.0,867761.7380368371,10798.852019403486,5118.964137192374,5548.769000947008,0.0,0.0
2025-06-23,938718.0,867767.2089006715,9306.344565103138,4930.458719921325,6036.517167938988,0.0,0.0
2025-06-30,971527.0,866587.2683839453,7905.842910959431,5121.675532720751,5915.045320112339,0.0,0.0
2025-07-07,801044.0,863413.1657911391,6605.131284954884,4455.585518895532,5300.399701584675,0.0,0.0
2025-07-14,797473.0,860059.4382555527,5718.480729505648,4325.422121155611,5086.692175725334,0.0,0.0
2025-07-21,789956.0,856178.1666946282,4786.167247886347,4538.241222754373,5104.372497995951,0.0,0.0
2025-07-28,808832.0,851378.0838138098,4107.545395828327,4522.938919265624,5122.447480223521,0.0,0.0
2025-08-04,802395.0,846171.5506162563,3691.0591389259102,4546.0926163331915,5039.7191063327955,0.0,0.0
2025-08-11,789969.0,839281.5634319972,3195.728453369,4534.534822879804,4724.515365010649,0.0,0.0
2025-08-18,777458.0,832132.6244012265,2686.274271049865,4637.674296428604,4805.207386965251,0.0,0.0
2025-08-25,751693.0,824624.6546208244,2463.5396773981906,4567.946029238123,5057.865534134165,0.0,0.0
2025-09-01,889305.0,825767.012156959,9986.285173613373,5128.302767897354,5750.581605882388,0.0,0.0
2025-09-08,863708.0,820363.9228236462,13304.565636925909,4900.582273116996,5775.635965706586,0.0,0.0
2025-09-15,867677.0,813113.5192549542,14816.530623036084,4996.1749162446695,5858.226728886701,0.0,0.0
2025-09-22,851302.0,804645.3428512996,15701.320096155405,4992.180176440445,5631.533853826483,0.0,0.0
2025-09-29,823833.0,796417.3742866121,16554.052922188093,5080.533251370254,5703.639002770066,0.0,0.0
2025-10-06,823912.0,785481.1035596506,14602.31624549799,5035.409745984151,5465.687234470876,0.0,0.0
2025-10-13,810955.0,774864.9440416885,12715.729506670483,5068.931917678085,5704.221734901709,0.0,0.0
2025-10-20,766319.0,764883.205099881,11009.315617301256,5117.583188776761,5966.255830647889,0.0,0.0
2025-10-27,790559.0,754971.0056534889,9341.228565261372,5096.2000754944675,5999.707063870637,0.0,0.0
2025-11-03,764142.0,750207.4322292479,12257.978187818744,5006.527302579214,5594.654207802968,0.0,0.0
2025-11-10,745105.0,744668.4815859463,14094.53400885423,4779.2063036532245,5450.333169692901,0.0,0.0
2025-11-17,741233.0,739977.1483721227,15277.007735866053,4885.08718922562,5629.329069273846,0.0,0.0
2025-11-24,738252.0,735190.7378277256,15939.384015606547,4731.602238842452,5654.060924941435,0.0,0.0
2025-12-01,688457.0,729209.4906281296,14023.852066012045,4693.1423943415975,5603.765218418349,0.0,0.0
2025-12-08,671533.0,724257.4444663466,12180.077412416722,4947.045346654326,5582.2217955438855,0.0,0.0
2025-12-15,684307.0,720360.8584091909,10540.7694597704,4890.295900713411,5709.170012040864,0.0,0.0
2025-12-22,686124.0,717345.2844793748,8953.625474844783,4890.600179339767,5538.024973447959,0.0,0.0
2025-12-29,696615.0,715894.8520411525,7579.088745525217,4753.854041339315,5680.599946946442,0.0,0.0
