date,y_actual,y_pred,y_hdi_3,y_hdi_97,contrib_tv,contrib_tv_hdi_3,contrib_tv_hdi_97,contrib_radio,contrib_radio_hdi_3,contrib_radio_hdi_97,contrib_ratp_display,contrib_ratp_display_hdi_3,contrib_ratp_display_hdi_97,contrib_google_ads,contrib_google_ads_hdi_3,contrib_google_ads_hdi_97
2020-01-06,15155.0,15325.42146976472,14689.411045100038,15954.101471830829,41.07169800086402,2.4405350302563655,107.27499768030091,153.5828194698848,29.469019595092707,405.12356058799674,7.617393150004881,3.339593408083345,17.31568627503984,3225.5994684406096,2490.5631777504154,4225.602820671251
2020-01-13,16390.0,15854.714052700827,15282.01586185538,16432.267521971142,46.63840320453019,2.7883884191394026,120.05196101118827,175.96628578513898,32.208391456872334,465.2263753455705,4.450538406022779,2.2039629105596386,8.43527258981531,3726.309220958331,2950.1264075206795,4791.604875549209
2020-01-20,16012.0,16011.335663260536,15425.40902091062,16595.00451374517,50.60353766811885,3.025888903971745,128.36399237172066,193.44095163952366,36.41117902219064,501.41684519215687,2.5627950510140822,1.148544589236935,4.515265532307917,3869.6789346058413,3081.7616742045575,4950.400990931636
2020-01-27,14767.0,15231.243612086942,14648.714724408479,15823.157695706963,52.846913754866165,3.190572660390467,132.29114922799485,195.54461981822465,35.33379937316848,511.6906048489364,3.2942922968482735,1.630100802005181,6.088773616613816,3076.4166485402166,2353.569170720048,4080.6069528112685
2020-02-03,15402.0,15383.277760570872,14796.287191223415,15966.38504407722,21.048128228490093,0.4076784702698727,82.1922896030066,150.4598587017121,6.962143078950434,482.95424257401646,192.44587140497882,106.18423374585825,304.5731249630703,3123.0487613408777,2401.8843793080787,4137.998126187428
2020-02-10,15190.0,15465.810227426957,14874.16325257562,16062.6102680923,10.68627835617461,0.17995472155670714,52.45850527377795,107.97332503341343,1.3862186584459069,424.7200634128319,247.50447640496228,158.01680854157084,341.5378267983179,3207.1165799335026,2475.156839327147,4230.211260197239
2020-02-17,15759.0,15621.68828909093,15042.327652137992,16215.714592676497,6.224766080814166,0.10706388258191432,35.27762092922815,82.34462796685709,2.8469498048578683,363.1395456209368,269.8796733480693,178.86497286314838,358.76907998511035,3370.651698751098,2621.69754883262,4414.649823142346
2020-02-24,14843.0,15261.675263063042,14675.67614174054,15874.760340378103,4.535961651832473,0.11365118590184554,24.61015125994648,56.575658926786815,0.48002438845369244,286.5734561839442,291.14442022738075,194.55005743347263,384.7655441222605,3015.591791923329,2309.067847533556,4008.7553947557926
2020-03-02,16441.0,16570.619223099406,15972.104618555588,17161.271015230373,2.23118362453798,0.023231240951400396,14.671329871307535,167.99213340037983,31.518152002034984,463.6353478056333,211.55265301621293,111.05201449624545,308.039927021033,4432.704713529403,3649.847407386054,5490.274875173012
2020-03-09,15657.0,16197.78349715575,15602.809475216587,16791.19531919461,1.7680030564354416,0.05304045531504517,8.888782789362315,180.6587630581626,32.41751620013981,486.61070021445244,136.75274197352906,51.418586913035,231.61031067948988,4119.393427244334,3323.8592630387757,5206.6071006362845
2020-03-16,16563.0,16652.361980496582,16047.21027042878,17255.355255214152,0.907792302244161,0.025984048990125207,4.4646224448209,192.11703572765404,35.510895940276235,502.9879982682889,81.03581505448045,18.744763314641833,164.88264722714075,4618.902090166394,3848.7186826419374,5665.641100065929
2020-03-23,15587.0,16241.660389471983,15645.7208960195,16831.850749673562,0.7668483526835381,0.039189601586074894,2.5087466007297445,199.4240853120913,37.25667574114475,514.6685476269531,51.11760568808346,10.131928578812355,118.86569911987766,4230.977108564974,3433.5767615926875,5312.903389663968
2020-03-30,16096.0,16482.981146553455,15879.161458628361,17102.757145276337,1.4388927398915363,0.07525822692299346,4.629515784840607,198.76426649738428,35.5473174388523,517.295474258843,37.68578768472071,12.10484009721254,81.91688326385685,4484.28748046187,3702.725802634555,5545.996032506085
2020-04-06,16866.0,16580.052936100095,15976.18822386763,17184.57290781356,44.305015339564214,2.678397628461686,114.19946972602877,156.19250874805522,8.399478988662212,496.36338454652497,25.36177290548259,9.094945519347712,52.64679547370788,4660.2455510821355,3889.858519275848,5704.135173098009
2020-04-13,16149.0,15863.332889254667,15238.894433071951,16484.807368024627,47.0825054261397,2.816449534858169,120.84919131649822,113.85019096513176,1.7468205857802266,446.4186605676391,12.344225246990954,3.853660699608228,27.097257738839108,4004.896746465794,3200.52025124755,5095.436421026165
2020-04-20,15992.0,15818.135299362639,15211.811994749696,16425.08006853107,49.87778052925427,2.978007876863802,127.05469735624607,82.32865649051995,1.267070389593134,380.32859326810456,12.721385728959316,6.341175964323777,24.57794373397724,3983.7701077744387,3189.287124677921,5069.913743356574
2020-04-27,15999.0,16302.590002686095,15682.516743935052,16914.995116604878,50.42915396619337,2.9909514810397146,129.125630392278,58.959582027769265,1.8310052322176211,287.93382553588316,8.035606277818502,3.790154676316984,14.14714879497235,4494.020369751861,3715.215737639247,5552.937571307485
2020-05-04,15998.0,15973.898956821247,15369.388429322638,16577.90443296824,19.427335408300397,0.2747600489491385,78.04545908562264,169.520340297816,31.775766953848827,466.4917458090737,208.26023585196893,119.75421453568416,315.42889480028134,3831.9498429214245,3035.6801358785074,4914.457165123121
2020-05-11,16670.0,16616.81862034209,16021.902371043636,17213.502636025663,8.789812373277858,0.01277546251554267,48.47605305360774,191.39692065866342,36.36880031532015,499.4548418609638,265.66452351133216,176.03532847842695,356.24298742646005,4402.785819705128,3617.2469386653092,5472.034249057465
2020-05-18,15641.0,15950.195620338221,15359.737131686701,16542.93467134063,6.3018412160083415,0.14660728896603234,33.7290600719968,191.6137305718204,34.17406621011888,504.7513635579711,282.8101537565101,189.15302359747488,373.1911339453275,3717.93755584701,2928.3884388354177,4794.80771982203
2020-05-25,16348.0,15832.517758001848,15234.878373339365,16427.77169855375,5.019539417403576,0.1595368171156091,24.641656036675933,199.08873259271763,36.90540350859677,515.4196826103347,291.6529509236776,194.4035857254261,387.5185632998037,3588.1928849614933,2815.8107357412728,4655.970651718984
2020-06-01,16769.0,16515.01999461281,15941.715868049905,17097.87517894738,2.808474497468886,0.07023934670849671,14.73042363133291,153.223826633607,6.7992415163633355,488.5326212288324,210.26873911224965,108.19019422296736,309.06752994426887,4281.030801565528,3492.1690527208566,5356.201933088885
2020-06-08,16417.0,16531.011245234888,15941.613460108165,17116.504305749706,3.1627957026988702,0.1417727836185654,11.763997405323579,113.1485006790349,2.7432870208178417,435.3791608492041,131.09492432310623,44.42507324591824,228.52283564861804,4419.370946057142,3633.433277685544,5486.532377499938
2020-06-15,16154.0,16222.040508772288,15636.00203250335,16813.548325941036,2.6642056442634567,0.12953348106889642,9.12330433917079,83.75331917172588,2.2803837132380678,371.65373711168616,85.08742007677502,23.948207492338142,169.48193009477464,4182.509174578303,3386.832563995483,5267.529567936739
2020-06-22,15624.0,15664.092385819158,15074.126795237367,16247.666204023895,1.8492561557805884,0.09195683881904776,6.184506817275891,61.785476270254684,1.6655566309751328,301.1065785549405,50.35436059916581,8.570667372175711,119.68162299098093,3687.429725748344,2903.047255091128,4762.532873197408
2020-06-29,15353.0,16083.54603222356,15482.866937263178,16681.743051251677,0.6554321894193526,0.014791273454301628,2.831243035769115,44.62603260724603,1.9947894500802232,216.28892730589723,30.308486167702938,6.352189365798631,75.7409901201313,4139.379102480032,3347.904020779355,5221.567482656474
2020-07-06,15150.0,15300.17121726077,14709.725974297888,15892.60647347741,2.2791853006183955,0.11972711843844211,7.308600006337004,147.3631061009779,26.074435265183205,414.7416734691546,19.2641988916684,5.731156526857839,45.09406845957776,3273.858100895867,2523.571525696045,4310.23507988363
2020-07-13,14349.0,14680.925662010273,14093.122033025877,15272.216957814591,1.141225265361493,0.04990395336486253,4.043604571571717,171.7725963536785,30.888140287137865,464.44936836788406,11.485206975573202,4.229418584827323,23.72377385143732,2631.3310476094425,1983.2140679720228,3550.089982120769
2020-07-20,15073.0,15314.396564277284,14710.799834339374,15913.084510201537,2.4336711633940964,0.12675712186576968,7.815293782838298,192.1533266760628,36.346085477281235,498.57994386514133,10.347895165713581,5.163679771623005,20.282569542506444,3247.288547950527,2516.341498499188,4265.295048832331
2020-07-27,14998.0,15060.597326048794,14474.79994694585,15638.174001915151,2.4558464423147712,0.12486339563352368,8.02632983483703,194.43891787998584,35.04394951823677,509.47229655232195,14.605163754929487,7.2359703542617835,29.27604276636941,2990.7710842631195,2287.4782046718506,3977.3602120749633
2020-08-03,14997.0,14566.234429219512,13943.171655638494,15177.993474565903,2.4982064979737055,0.12698395589091932,8.192708337995121,151.02144820474814,8.42383154293233,482.07825629735925,10.896996337645321,5.3831426997580225,19.863408770906542,2553.8853393417066,1924.71047813994,3448.6804721012395
2020-08-10,15403.0,15206.753774437268,14611.951285346971,15793.574132879958,1.246078270048669,0.05178098498393728,4.477212800231299,110.26633796010377,2.673280429315148,425.15171351482167,14.218316690438044,7.103512099788074,27.445072678127335,3231.131275515823,2502.0465228837215,4245.738275192776
2020-08-17,14295.0,14630.498090125124,14050.45417417077,15234.209039074603,0.45761012237173904,0.005754490432578406,2.2212636470070932,80.78114460591304,2.1136930433803762,358.1988944101437,11.806763762018246,5.8225082494167,21.50398089807998,2685.0882076304297,2032.2832754193364,3609.464511662291
2020-08-24,14666.0,14665.166681502034,14077.320074897634,15262.772175844335,0.4798155090510655,0.020218352806507214,1.8208823194201191,58.542900634936146,1.3926374886279231,287.6686825401354,16.056586389664076,8.040514906087182,31.04964061241871,2736.6379485962902,2075.733418063393,3675.7654227832236
2020-08-31,15554.0,15260.792066370668,14657.653225848773,15836.837484483285,1.319714545530487,0.06939218634290119,4.217001781375241,44.07183952684478,2.0948920744065895,212.58202025387243,12.166143278884013,5.91484769990034,21.870949075834513,3344.9583416581295,2601.4302617089634,4374.30746238361
2020-09-07,15579.0,15390.496622034816,14812.968120259315,15975.39272141007,44.411317457243776,2.687061860737381,114.36590221181847,147.76491755249018,26.183255990449627,416.890694116164,198.21887422195442,111.76167368992067,307.9086039711062,3155.039536713284,2429.687689108945,4172.330686321902
2020-09-14,15642.0,15677.507379725159,15080.88236823243,16265.395941724002,48.026798827106596,2.8756987173556725,122.59842548403427,170.7885960147877,30.508515967271343,461.77218296267796,259.2127574300032,169.2908812002602,350.69779572310443,3354.471318880192,2608.533616430646,4395.894311837056
2020-09-21,15187.0,15459.749546552586,14870.006827207764,16037.111419476574,48.58539424753756,2.885808681404716,124.19915851620397,184.7521689770601,33.505578095601166,488.9833476375103,292.0436708662681,196.62743215612522,384.6692782053299,3089.8083841633065,2372.9947959508404,4094.0244624674574
2020-09-28,15615.0,15466.06543540303,14863.541688293946,16046.951323503095,49.55084163303558,2.9475485602595644,126.77861340203407,194.76308528488585,35.66750851761923,508.06396796108373,309.3433729670084,207.52493821728285,414.20886926375397,3069.927562392639,2355.5067931410276,4074.2517543262106
2020-10-05,16439.0,16340.145683352697,15765.255238478456,16931.465540080204,20.087362369550803,0.4786369978817393,78.1854126428074,150.38023241760777,8.268260560066862,479.4664918932639,227.7582063827614,120.3822805958932,326.91156356909187,4104.27692197781,3315.1435734497595,5179.29489912332
2020-10-12,16290.0,16079.521712174364,15490.463069238625,16664.631917765204,9.637060373598343,0.13071626764383099,48.99108617169483,111.163341773164,3.4248927891496863,425.12835693447744,149.08753283182907,54.84898755199032,250.6596292496017,3970.870563770559,3177.8227052505754,5058.858000002684
2020-10-19,15672.0,15569.104111165447,14986.746302052214,16164.700619922616,5.02391914325167,0.0321062419798638,31.911869242661435,84.18480147132614,3.213783328555395,359.6346184135806,91.92336343012396,23.20980488808753,184.0459702401766,3550.6518648035267,2777.5708287179364,4612.418658231445
2020-10-26,15457.0,15268.66069534739,14678.56019293829,15852.231647057975,2.925375927972342,0.012098577918317668,21.03973768670952,62.992017380077016,2.2467787102966947,297.6775095100083,61.31344352607374,15.308451002275033,136.15593272561594,3301.7414040933036,2557.864890823376,4341.61692863381
2020-11-02,15450.0,15653.527425604134,15077.371349624778,16253.666575769224,42.91348311981118,2.5672500897490886,111.1410456681322,153.4717172405306,26.441755990356956,438.99249392906273,222.44750715430348,136.9027883187769,319.02890411705533,3477.468430714483,2717.596862366486,4534.401050982885
2020-11-09,16071.0,15708.449949833801,15108.788105863941,16305.362787750892,49.70506162845948,2.9886530567933143,125.73789838143188,180.0144195639701,33.08904038504816,484.07587804993204,277.0291405025648,185.45221644580874,366.3033805892144,3446.2584251762833,2687.1587327968464,4502.091265051749
2020-11-16,16619.0,16585.708716375386,15995.965157348131,17175.379477064434,50.26698926414613,3.0061549104809613,128.37951329575768,186.6548171433021,32.971295700085186,498.0151836357421,299.51824028266725,201.11815903231454,396.73998001398843,4291.445849700339,3501.3617401610186,5359.915672548955
2020-11-23,16918.0,16317.829089361247,15712.202888404414,16904.683220954346,50.42764999868476,2.9851691210458333,129.05561862017672,197.00657251937523,36.77234781299537,511.0774184654682,308.9544226060403,206.71338005822298,414.5041273665706,4009.534053788107,3214.472279783268,5096.707361723479
2020-11-30,16430.0,16654.384090676285,16075.52232402445,17246.99252842685,51.89347968587457,3.1006921669102043,131.17190519559284,198.02898033287244,35.84767808816733,516.6056152824399,302.13837010676906,198.6825187329882,407.5543179581902,4355.068637316554,3566.679231756222,5429.43956993672
2020-12-07,15908.0,15436.707324205463,14853.179288135787,16033.172869653654,21.847376550965794,0.5516106374056923,83.61469252511594,153.9040289000982,7.471815433733429,491.51217893510653,218.42175797087583,107.40763176089172,323.18741494349484,3303.3945977202084,2545.7407706621443,4345.660497322194
2020-12-14,15729.0,15672.008774808686,15079.41437187302,16263.393793622625,11.237129694223043,0.2075721846460004,54.62190167567235,117.1164474675517,4.246967573972958,444.0416994470696,144.32385381793225,50.87040831723147,251.17284144898727,3651.3423262659935,2877.943875129187,4722.475285094172
2020-12-21,15486.0,15716.249617581345,15119.249998507465,16302.866514412586,6.89914443908583,0.1393207489404607,38.05578999449408,82.02793760840049,0.7685609115110117,376.4150305718813,87.77361002669048,19.5396405124202,184.55645044735368,3795.154144843011,3010.037440496746,4877.713230418729
2020-12-28,15198.0,15430.956033664084,14851.654705782103,16021.692055280584,4.656793538304527,0.12036661934431553,24.953648420084523,53.76799110785362,0.11463995125324135,278.0486550175548,50.49830833381813,7.921822993176462,122.43941340072227,3574.648042401475,2803.7780302095,4639.69950049341
2021-01-04,15553.0,15671.697399874423,15076.544487297147,16269.053461093948,41.17836952357051,2.4481057747548802,107.12421017123803,151.50671894478185,26.168535975988284,435.27958489780565,32.93725214377131,8.392491150748565,79.21716466961995,3665.4801417829312,2888.3506168685312,4742.640691740887
2021-01-11,15341.0,15210.44126981086,14626.257748001986,15800.597088970395,49.90814232284005,3.0006012020463615,126.32603495948095,177.8969959464809,32.38961394764395,479.85361518847185,23.78742594856447,8.600270481628076,49.840693876425895,3188.335399577724,2456.8455699702185,4207.198379698754
2021-01-18,16083.0,15835.153793944424,15241.863891539006,16426.04424089316,50.847168600282195,3.0479592869024166,129.02354263224333,195.05999053220177,36.96002962486995,504.66428599522453,17.302403634533277,7.713778239937665,31.373016477728783,3793.9471485000718,3012.8254900126494,4867.326752075385
2021-01-25,15276.0,15380.14249868832,14807.16639811455,15975.333991743511,52.868664735938076,3.188534303328325,132.6101734153231,200.51541875355252,37.687299588977,515.2718444557555,7.960237394214586,3.6774416763519366,13.971570163988654,3342.4223395710583,2591.247135337464,4384.33916186836
2021-02-01,15525.0,15497.556496621595,14914.244982094953,16073.083594102154,21.044295047249946,0.39899922753674394,82.25948535978331,154.54807572511635,6.746364072922293,488.2102944312365,219.99204816765806,129.84398833884498,323.842982709376,3330.940086029169,2584.060156192626,4374.534139246225
2021-02-08,16242.0,15615.970295323223,15039.665230218061,16209.450988297633,11.35932516802955,0.23690052767166608,53.628422161796856,115.47782737611321,3.4134700948908865,437.0679980986313,274.8679378385419,184.1278871183199,364.9593796706796,3447.1442986961642,2689.261663059234,4500.765702029062
2021-02-15,16284.0,15825.759850747307,15254.097215841537,16395.985612540993,6.709476315516974,0.13467507850065416,36.5055516049514,84.69691336401819,2.169044417468384,370.91474771047734,285.6804927149062,190.787280395256,376.66982995974314,3685.7573052346183,2909.590615793243,4758.501896790775
2021-02-22,15212.0,15255.02615348434,14670.214760256013,15840.561897185473,4.0257447862486915,0.0655172803621705,24.51399131370197,58.25217678286835,0.31730899832788156,295.2432995648088,301.7942633891226,201.2901553801765,402.54604525622716,3123.078115245286,2399.373445127835,4132.117933547075
2021-03-01,16173.0,16173.828851590833,15592.609485360506,16755.44665242837,4.127613940683388,0.1562572318561929,17.500012236825853,171.01695105987875,32.19949921663462,469.74912481440333,222.63936382149322,116.90180009055146,321.2834551021123,4016.3061019447227,3226.5543632497893,5088.726965656586
2021-03-08,16895.0,16857.864627224284,16280.524627491113,17442.643462495544,1.5800954554106967,0.016227035800158857,9.32528001965271,194.68460603081547,37.70614471322356,503.00998610277225,143.3504418561285,52.00529947122441,243.97333618075598,4761.217985884622,4007.5824655569413,5785.817526922292
2021-03-15,16449.0,16220.522933224676,15634.422684117584,16804.511725790468,2.8363982475501817,0.14206842628021127,9.599748502965769,202.9763485823489,39.43861516640947,516.467893653564,88.15288282606375,21.77209225805261,178.53829958705515,4170.529466598497,3367.364023598558,5258.754929505645
2021-03-22,16101.0,16336.016199761492,15750.30034611153,16915.93051992864,2.623019668345575,0.133482163495304,8.54753576610588,201.96481693108214,37.3406982986911,517.7581928405137,54.03157885459566,9.594817065672533,127.7814083690217,4322.471698851706,3532.749985100262,5399.352268874749
2021-03-29,15786.0,15774.21533306267,15187.977445460712,16358.423187461623,2.889268301553665,0.14725773251300514,9.449559863282754,206.4884200369043,38.718524377824195,523.4738975143678,35.04534974115499,9.135935303539743,83.19317716947822,3767.057049859355,2977.1189582427733,4844.733298478187
2021-04-05,15783.0,16222.170425308008,15632.061370048268,16825.807877070598,43.67499617061303,2.62708413101597,113.29976921568021,165.33484721742425,9.696247972999597,507.3285742777041,18.91952658487912,4.578247843228818,47.30133436677251,4244.980683015851,3454.3997292285267,5325.170771578259
2021-04-12,16577.0,16438.55999949059,15850.822689332826,17033.459892250317,51.20003872580132,3.0778429209215417,129.1756565430067,126.51137352950913,4.081126602683241,472.5041260540624,15.98714735637709,6.7255957791059435,30.51794394639163,4493.697479046191,3712.3025983640637,5555.527030438753
2021-04-19,16713.0,16547.178303573415,15967.28719051753,17126.82044274801,51.34912320892509,3.055439974004043,130.00352022733992,92.16676392134107,1.6249373869202026,410.0990424115907,14.382181048297777,7.155634975861364,28.431417555368082,4632.292091444621,3857.9724394763043,5679.811667411563
2021-04-26,15995.0,16181.596883421375,15590.442624702606,16765.903397302918,53.94613580715854,3.277217082302863,134.76188025065375,70.31465530355561,2.970075494939502,327.88781411057977,12.873555953945754,6.419023283748868,24.31115832643464,4297.352624688009,3501.0902889431577,5375.2769853481805
2021-05-03,17221.0,16746.29932402654,16160.708624403298,17341.411490986735,22.668484716517437,0.5684074558557833,85.6926495628989,167.07621962464657,30.46484806658205,465.9050262519819,210.60124538651618,121.81922378842809,317.5173521870272,4601.607841811748,3827.243120827483,5651.341471066469
2021-05-10,15646.0,15994.149989576954,15399.109880611244,16596.354999703606,11.940852705922513,0.2473708325482738,56.11538197576515,185.1804230795281,34.20787267478159,494.2980008237598,259.8762295086244,169.74731105343915,351.30760684983244,3790.2498853657485,2995.314414419731,4878.517355155334
2021-05-17,16102.0,16502.96759333333,15916.296410962123,17089.713164677974,6.996829406772334,0.1364266494107378,38.26575311500648,189.20995592114488,33.248703109199226,501.8951215132328,284.61813691335936,190.52684315430216,375.5536661965083,4275.8140312275755,3484.7919633296087,5358.40522778083
2021-05-24,16025.0,15921.443970824415,15321.558090861805,16521.931839356646,4.199195399804806,0.06733948002978607,25.66287212345135,198.43773169386915,37.09831065900219,513.7316881674128,287.5759412317066,190.56251603896652,381.1642341270722,3683.34934374774,2899.0645103007673,4755.8029459827785
2021-05-31,16852.0,16484.298765429292,15902.277360356542,17089.71899919024,3.94088566717495,0.1424434145288165,17.744869684007195,201.02671073421675,36.94280183520812,518.3340492319577,292.00519452351057,192.483586898137,390.22748065140877,4243.182271482402,3453.9530180283223,5323.521875823718
2021-06-07,16407.0,15896.59679618776,15309.09873419202,16482.822139092932,3.2620191415864634,0.13543200617438664,12.425554611256242,155.2898113891141,6.3605541583117935,495.99449531519434,209.44122158065997,104.35908690012491,311.07402297657035,3743.508459984314,2956.6245355413803,4822.211700541637
2021-06-14,16276.0,16422.03223171076,15833.15901344856,17011.482004077625,1.1947078738206853,0.022991430376889516,6.018889033257473,116.1398959305858,3.004792157318349,449.50335536203187,134.41828547915176,46.78132638209956,235.5887797258734,4382.073529949823,3595.527094268959,5453.935941698012
2021-06-21,16306.0,16026.16419246578,15435.482035273997,16599.844819453796,1.9837966894164911,0.10444706972075418,6.363651393359976,90.42185249794926,3.6028514126392985,391.23301836889726,84.9666700328258,22.231350021215864,174.98426981704657,4059.013133083366,3263.0150392369883,5147.418794429706
2021-06-28,15547.0,15622.944828277148,15031.278612559303,16223.687187524001,2.375790682609747,0.12219587353727325,7.731396678864342,61.17790383944247,1.4004991384590546,296.5209183377521,51.82028849152515,12.424102379133865,117.01030037869246,3718.325756903284,2933.472306593115,4794.173956166137
2021-07-05,15183.0,15241.941038751407,14670.025941009044,15829.87859193056,0.7454569136979758,0.017309803459633528,3.084718107754275,171.46867085070795,32.4993355094994,469.87719250879417,36.7135090829,11.87695498920676,79.29419107297443,3253.684479562844,2513.332653195044,4283.460110054153
2021-07-12,14995.0,14767.263638208906,14157.540357410402,15367.277897604057,1.2310788799154,0.06311426137695883,4.026600538977829,184.57170506648217,33.638212655791484,494.09207698930186,19.991742708185253,5.8076606633538805,45.7282565351392,2781.519743771901,2110.5376340528005,3726.071036248122
2021-07-19,14976.0,14761.718199221981,14174.098452752105,15361.167844741598,1.6277860127413897,0.08438579015320018,5.30753470902716,197.5165085073722,37.496369618644344,509.7588332259865,16.20684914958904,6.954211656298906,30.153889446070334,2769.280725951878,2102.391808258833,3713.570682028522
2021-07-26,14710.0,15091.044300190504,14519.798304702716,15683.449341708785,2.6398274346020414,0.13801631495408814,8.551058321012,203.5432148631947,38.93215016422803,516.9484964179778,12.268620512044361,6.111574931476004,22.923409947170608,3091.389063967297,2379.7544668483793,4087.6415612532305
2021-08-02,15698.0,15200.736350369873,14626.68070068623,15787.925005137542,1.6883565474918083,0.08319299753577208,5.68714820340199,158.23395686180595,6.9880927006391005,494.31925319874864,10.235218430674948,4.988096059721066,18.45930562188364,3255.4835336087435,2520.8978434856185,4282.505034504505
2021-08-09,14746.0,14462.609107074968,13865.390441533189,15073.59596939587,0.5750445097853353,0.010235614561038166,2.5710953776165044,115.04823214412355,1.3251428145067528,443.34714432695483,5.902903957153831,2.493560718587362,10.447926185465825,2569.697574528423,1933.9962263919622,3471.2841779718146
2021-08-16,14114.0,14437.81409459418,13826.293084082983,15041.241220221107,2.185746554972596,0.11406490993864606,7.011905836933378,87.08662187077461,2.709825368412556,381.209111937901,8.283425482248642,4.09868346679758,15.30926732802084,2567.6740486986646,1937.2251624953262,3463.779032925151
2021-08-23,14763.0,14749.81314543313,14166.816930476925,15339.31324101062,1.7183475330154774,0.08807284476687566,5.721159388460289,64.81987711887746,1.8805480035752677,313.0647370757815,6.201241114866868,2.9468792661041063,10.979210774558352,2902.791889076594,2219.4998195022886,3867.331088348724
2021-08-30,14289.0,14369.328374682207,13762.443203400977,14967.5208396743,1.4333507394851654,0.07108354115668168,4.790099112747114,46.629560586400395,2.0518038132317393,226.22956132642972,10.047967124551299,5.003270558125594,19.795064651917393,2541.932369556914,1916.5224574739136,3432.805627273238
2021-09-06,16014.0,15923.749795468151,15329.921055027833,16508.841457176226,42.1484120341755,2.5055524863945253,109.81337472017134,160.0530893325562,29.347733296478328,439.30038814952206,201.39991398306142,113.77831217294721,310.7389329071383,3752.9294788879242,2975.8389231350934,4812.781310953695
2021-09-13,15690.0,15872.709568840426,15294.476251552915,16453.139027050922,49.908868600088425,3.0169725334240085,126.96923958849888,179.14334587449557,33.0306156690616,477.0578912737007,246.680849533021,157.46906868851502,341.10217939588364,3628.3528316081997,2853.4399747818034,4699.452103476779
2021-09-20,15639.0,15849.43630171933,15264.557723978443,16439.466611623862,49.49419580846648,2.948839337715031,126.53326132080178,193.36440024092806,36.541644470760126,501.43364981764813,289.78722416802543,195.22200359771907,381.46736150708807,3549.3288845404736,2780.7648392407527,4617.0441504730925
2021-09-27,15824.0,15829.879124308387,15238.650031226634,16424.82229589484,51.49122817754152,3.0752460353479436,130.2942359275833,201.2938335702012,38.00240193309179,516.581262343932,299.7625839442451,200.34714738582267,398.7666459839737,3511.23768785524,2745.685334893516,4574.514457270917
2021-10-04,16917.0,16577.431200005038,15976.719844440551,17150.050346054617,21.61100218790555,0.5639046747335469,82.16888530920586,156.19594450568772,7.416557769655534,490.8697175025943,220.8545295975592,116.29796563976237,319.4643527518501,4415.491090126962,3631.5130033020882,5476.637365546758
2021-10-11,15596.0,15486.645143659378,14910.475461374,16070.617542405322,9.881358501449446,0.09915658518608336,50.922625390141576,112.5395307105994,1.102905011659949,436.08418028168626,139.0858848757132,48.32745301881245,238.2899243390989,3460.5863691397576,2688.257812521579,4518.394266751647
2021-10-18,15537.0,15679.882380405423,15104.271828076686,16273.162068446829,5.235880263915792,0.03248382171275578,33.506516717271666,84.97761203535221,2.6212848453622075,374.1478566918978,83.33518650892984,17.695286605518184,172.30165073023073,3749.3202904337786,2967.6250634410953,4828.730561594845
2021-10-25,15755.0,15603.603611813023,15022.172064116518,16193.829195750246,4.863357813968877,0.15022652640011844,24.604709426434518,58.3005200000372,0.3582407935313593,295.0442546935044,57.98463968163517,15.32336925517613,128.56055417199053,3727.051675266792,2944.5588947911074,4806.2945265419585
2021-11-01,15665.0,16583.96869354472,15996.454807173704,17172.088829248605,41.83112985844004,2.488191821633669,108.40215549200991,165.48868236504234,30.239918628421016,460.68208008180244,223.96567143507968,138.2484910389237,321.0105716147142,4401.774754138204,3616.0651999633765,5471.379396804982
2021-11-08,16205.0,15916.449099307272,15315.905665410428,16505.418950772164,50.39061588046325,3.0313551361382824,127.72675527782346,191.31915063117057,36.725968686651804,499.39883128281735,262.75163756904664,173.1272274107148,352.25626337674134,3658.8758050698557,2872.722851772244,4734.828483723161
2021-11-15,15644.0,16177.31177937809,15603.774243208009,16761.975098856263,52.77617428890967,3.143579708600425,132.50694777658677,201.08240831099747,38.800278659932154,513.9526933680172,296.60641457929415,199.74896377018092,391.4257737751308,3877.3466681415453,3088.6134758730914,4963.719265232484
2021-11-22,16642.0,16784.069566000053,16193.986010893372,17368.741048707932,52.14769086261485,3.1286796170910556,131.68460791004526,205.51740694968524,39.34926738905873,518.9994990489332,299.95868180610483,200.25990517750012,400.0449935441336,4468.603994796104,3689.301845121784,5528.7057330922025
2021-11-29,16274.0,16655.94146426731,16064.909564153628,17242.846139022447,54.309990154029705,3.3061272382780142,135.4957674893994,205.45846625441237,38.046316315737606,523.1241110099171,311.38813017187437,207.00735910908836,420.8834831053763,4330.084128012223,3538.400765383823,5409.181662434472
2021-12-06,15599.0,16029.756057644418,15441.669420035352,16611.728249361637,21.722089853150333,0.3285742580038917,86.0184232573288,164.00466918634143,9.188329999334679,506.71030450769706,230.72511815809304,119.31849996791638,333.9079476850442,3867.798583879322,3073.7154088886577,4949.652220617648
2021-12-13,15225.0,14985.422001970268,14388.151043924603,15583.349731549924,10.666337770269486,0.12092696475740675,55.8767619542629,126.53852993535853,4.536479480716937,471.72195804968413,149.74630406476925,52.070998579848826,258.2113508538964,2953.512696246784,2247.840966333416,3940.7162265602
2021-12-20,15640.0,15811.048666279783,15222.586800726238,16400.642624847027,7.505234390749317,0.18184146190354653,39.98226351249592,90.1715304435168,0.8386203182130777,406.7750277489194,92.92442181159625,22.003027192857303,192.0529283686213,3876.894119598062,3092.956337013858,4946.90189260691
2021-12-27,15314.0,15310.071377035643,14720.21598679848,15907.00207088008,5.682607826201001,0.1825724597624512,27.277173938233304,65.8150968316219,1.9836943916622047,318.72635075978576,59.00635663024665,14.593153245126896,132.09116067515902,3436.4546438671982,2675.1423107137666,4490.262247540065
2022-01-03,15631.0,15666.470982613482,15080.020345727877,16241.49653580385,43.75775553199283,2.620817024467057,113.30015137536837,160.90900715568276,28.190926316773876,455.37061577125996,39.57020537911728,11.492947285232296,89.32022225726539,3796.716538783425,3015.262186570559,4875.126222929083
2022-01-10,15597.0,15436.456721388284,14841.038418571858,16015.526199594644,51.71395155514111,3.105064784195898,129.96960512515992,190.87215307258236,36.7209634180984,498.6722035457386,20.69715711572444,5.100357371775937,50.49949296436156,3554.9306558414005,2786.41166423247,4617.8019552121905
2022-01-17,15917.0,15827.31255652933,15212.751832849812,16426.31713540802,50.76390824311418,3.027217876512491,129.41776780932304,198.96216254504188,37.80528333313184,511.6524642945922,14.264787991793094,5.381508485355724,28.983738021994892,3943.3709546259283,3155.3212512374034,5028.18708190406
2022-01-24,15403.0,15725.798204889787,15142.39043342742,16321.985919364168,52.237374010282295,3.1267483104669647,131.3993587758685,198.4809877505681,36.37233703618392,515.8917977547599,6.383944234912061,2.9622728476475033,11.22001915458548,3847.5570090160872,3058.925053233643,4934.180793055908
2022-01-31,16020.0,15661.791138649978,15074.450838130078,16262.235727247944,53.936412789201654,3.2883387713225085,135.10629308611732,199.35406267496134,35.944165807659424,518.4564179281396,4.333367544892646,1.8640285455460426,7.681703346017796,3777.6153395793626,2991.7155412614065,4859.165917313903
2022-02-07,14820.0,14984.633993743862,14393.74025213884,15575.920328985154,21.46584165357459,0.30693090778231213,85.47617070010061,156.68455318488597,8.383896578582766,497.6407595385222,212.16052675648208,122.63214578205181,318.89908811518643,3092.8217504973636,2370.759859937322,4097.671674793299
2022-02-14,14767.0,15263.017330292894,14676.745596184346,15847.966147143183,10.052735934136736,0.05687677090772966,54.641308550002854,120.8384707867465,4.861583685172638,457.1190576278563,262.7978942229757,173.22389166557227,353.81007495451786,3360.702047771118,2614.7330785165973,4402.401344522721
2022-02-21,15492.0,15697.03492762618,15109.108704657296,16287.681142907815,7.172632618653715,0.1649187195971879,38.738831557140024,93.44731923896563,3.845318076612495,399.39248274926155,299.51325403643347,201.85557084762638,396.08204495948183,3791.039547084684,3009.1258928575767,4865.079968115095
2022-02-28,15809.0,15509.383911066827,14913.012057493652,16111.399814461753,4.290655252020373,0.0874471937666835,24.77208613656236,61.6548819580087,0.759806172118358,302.9245518714835,312.8510495778706,209.5852022020305,421.11011213336127,3622.6805876801272,2847.6196944402654,4695.03179545269
2022-03-07,16279.0,16083.106000762444,15487.402919473929,16675.371729847855,3.020281785761838,0.08528380325103599,15.580478175512084,172.30132324064343,32.62411859025202,471.6295872726481,231.17748788831153,121.77353401269245,331.1046697506269,4288.817034123474,3498.736239583538,5364.739687529583
2022-03-14,15484.0,15595.11891230024,15010.659489034142,16184.677593096165,1.3107526899461588,0.009388025845470145,8.693525536149236,190.14633985788163,35.81501397748056,498.83180104558136,147.17669124641984,50.054722776803146,251.36366654517263,3871.1356844254938,3078.882241997632,4954.634519381192
2022-03-21,16025.0,16103.207602224435,15518.756913449313,16695.260385493704,0.820884950411593,0.022372316692500654,4.263723784973466,200.10351272870392,38.38844534269824,513.3767224060825,95.67825543919027,26.321829281689045,189.60107042203876,4415.828295233366,3631.7807966047967,5482.9303267587875
2022-03-28,16343.0,16422.90817036774,15836.357886154305,17002.48335090154,2.4089014960052983,0.12571370711504384,7.671533017394711,202.04773394932386,37.69187674297615,517.1289648758462,59.704836619959615,12.558246280417537,137.1794725298776,4776.152274452711,4019.56969536793,5803.314049577645
2022-04-04,16983.0,16412.77986588724,15815.006455581466,17003.698992494614,42.16240086305083,2.510626406800837,109.6635068585322,160.1530368398847,9.367031025988224,496.5759195292496,32.54453994056193,4.38451718888913,85.74810668252864,4911.081064931827,4163.911892144567,5917.044419447114
2022-04-11,16446.0,16404.553337571982,15799.081302318713,17008.92186662333,47.67947262499806,2.849147523186339,121.96899923940526,122.49367522184285,4.646566804597273,454.68748721585547,22.574910951056818,6.525346613035061,54.00254559117608,4946.137364187978,4201.125516437411,5946.86816124595
2022-04-18,15929.0,15864.499249515236,15280.193810354207,16468.687679347862,49.7824139899031,2.9760883183953637,126.8735027924766,90.56376018189707,2.5764968613550234,389.5667188986818,20.305548072729845,9.223834973973435,37.136791519667426,4436.898766205346,3641.3450258473495,5515.545401125476
2022-04-25,16139.0,15912.282171043404,15315.546545204488,16501.33738389295,53.126463262176976,3.213981413830677,132.83753128035121,69.828334073035,2.627579724814193,328.19384749534584,12.709405002064871,6.31266963419947,24.113510777593113,4512.347057123172,3729.0277337777197,5574.163530909556
2022-05-02,15708.0,15625.82120844963,15037.603796907497,16214.108923544765,21.748860053840527,0.506738725911637,83.30587516333703,173.9322010967815,32.85652957898582,475.5559285116504,185.0109223868369,101.53737990295667,297.73189797761546,4101.81183863597,3302.880943513416,5188.148539438952
2022-05-09,16026.0,16087.258548269687,15490.842036316682,16670.82468417261,11.717969984552601,0.25978492277854237,54.41676158700486,196.34987746058934,38.27093444437654,506.15687905898847,255.0636891534448,165.40370849642954,347.71352744573437,4476.496373096807,3694.820548806359,5540.836549021824
2022-05-16,15777.0,15817.697995995408,15229.80401478226,16411.252043444456,6.171087061573459,0.08426749111506772,35.911611772683635,197.4598861485456,36.37705055295475,512.616698103917,284.2268131147985,190.58328328511604,374.78563409733954,4188.399520714793,3392.6658014067225,5271.484836969502
2022-05-23,16493.0,16536.91108072753,15943.428362052853,17131.647182933586,4.624526236787034,0.11625733525932348,25.133442914120778,197.52212362623354,35.690340328537694,515.8716560153343,309.19594722585384,208.34382342111684,413.4697253629553,4883.689588363278,4141.2376104669065,5891.612959291751
2022-05-30,16371.0,16412.067063157017,15826.522165570195,16998.738316809835,3.746877557569025,0.13095575313237032,17.067362594502757,203.74038467881059,37.82082469640665,521.230633873955,309.59292871446127,205.16065436456674,418.1523588550676,4755.95042644747,3988.416311123783,5788.724354387808
2022-06-06,16332.0,16167.685496508417,15571.567299413997,16761.82213796243,3.073492876952568,0.1257806156268761,11.899960091695343,158.18809402756682,6.588783178740124,500.5745705425867,230.78441290413997,119.48113798946785,333.7757745882666,4755.105334314487,3988.071321582017,5787.12825760959
2022-06-13,15562.0,15590.814917576561,15012.124989807624,16176.422234056077,3.240582841271819,0.1573874836254426,11.039997782869431,120.4927398342192,3.762417567855118,461.0377277185174,151.74094922305437,54.51671893442918,259.30338797032056,4294.08612880449,3493.8516982798083,5378.082266196971
2022-06-20,15132.0,14959.756204201673,14369.779151102499,15559.106553191536,3.014743358844724,0.15331448238620476,9.824200213451876,92.88217735633916,3.4791155763357433,401.11602886779286,91.41203981984282,19.83262441624732,190.5128719395926,3749.6982098572175,2959.225166585839,4827.265380808188
2022-06-27,14955.0,15018.326105496435,14422.848934573038,15609.108846840865,1.773026383299902,0.08090256586322765,6.1662619892541874,68.8798080644446,3.0075806932763127,317.7647699609067,62.70479796049372,17.746670437703497,135.77372172491383,3866.8356512277696,3077.5048535972337,4955.186552719461
2022-07-04,14606.0,14590.087350963147,13998.971089263663,15173.477736238896,1.982228187118353,0.10076395739569488,6.537026813843119,162.36861890325957,28.885013945472558,455.61452385890124,44.495550635496215,14.829346867081691,94.17842795803308,3476.5086673119918,2711.0702767834764,4533.625374173377
2022-07-11,13389.0,14014.745002448077,13429.86119074558,14612.406827734965,2.574672992561979,0.13351853215068735,8.36220876497962,186.87093348378846,34.94815448562123,494.89352942447437,27.255999455138674,9.10578185130069,58.526697578469985,2890.2549140912465,2199.733201338416,3858.861903777777
2022-07-18,15054.0,14669.434107043428,14081.154925418736,15256.71933169374,0.8920306707427832,0.02474961835056608,3.6075159600497404,201.10181162599665,39.01593040107076,513.4285882195935,21.07520387082753,9.320012318616861,38.22092758996826,3540.346811989686,2777.9040243175023,4590.019560725088
2022-07-25,14880.0,14674.40794664438,14089.952909722477,15274.079749323024,2.682091720831691,0.14084126370624248,8.6182263017668,204.1617712764822,38.647507732321785,517.7084606025688,17.151991788213422,8.564739596847563,32.15033029118203,3541.542771732772,2774.2093347841856,4604.2511378862455
2022-08-01,13961.0,13710.833325720923,13107.939551912166,14304.71489883138,2.734468453567623,0.13912707813980746,8.964857213032506,159.14418771832086,6.994856515119163,496.18069617065555,13.927185290363152,6.776694920792507,25.045227947916516,2748.8611628006297,2078.756127679251,3693.4212552383965
2022-08-08,13289.0,14139.664745371796,13552.410789985817,14720.400853976395,3.0263124592870247,0.15463362185793966,9.898539122107806,119.86384964355416,3.4435109774828994,451.4984981246711,9.901933328598542,4.544338276660232,17.344440332179303,3220.9327909169047,2493.8456526898376,4238.455262932115
2022-08-15,14726.0,14136.058533511206,13546.495117302702,14713.529318988292,2.3302733089232257,0.11589054983674892,7.791201563281405,87.07848990214357,1.7980257981132597,384.9164278691657,6.6401655595180635,2.7838549682951332,11.911683620550782,3258.430020413448,2519.837440083829,4287.047760004538
2022-08-22,14193.0,14298.034201334174,13711.930324791314,14899.990755665334,1.950211429003521,0.09501001291077923,6.567877023677712,68.44690405740641,2.6709635207684155,322.50221828637956,9.295067706148874,4.5840408625889415,17.153613539659442,3432.7698184506203,2677.605691626476,4485.183356079593
2022-08-29,14054.0,13863.333701752272,13275.26920305709,14445.157831871475,1.9144190734370907,0.09780965153148179,6.343781215427821,49.0645893510395,2.045023390959207,237.69867828832756,14.472361597382996,7.172543957163822,28.861813758768378,3015.7133169880494,2309.339322472561,4007.283496518422
2022-09-05,14354.0,14686.86887041184,14094.275416952245,15287.39187994183,41.63910194552338,2.4607793727823806,108.41593668435473,147.237945217123,25.713728566256425,418.59359772189487,216.80023264197038,127.20922725421835,321.3950859480264,3625.3448304863373,2857.047436026379,4686.571187916166
2022-09-12,14246.0,14152.672510877961,13556.899303202721,14749.104211744945,50.68798294228237,3.034038094957349,128.39212944174938,176.7128033616695,32.65203082334899,471.7082579664593,257.6646712951433,167.4627612100684,349.27737222091747,2999.839498405214,2293.3155560097275,3988.3622041263216
2022-09-19,14307.0,14620.603051809694,14018.450100308024,15199.488998252808,51.73658235684711,3.076274648966324,130.706179098786,193.47464839459093,36.65415758196819,501.37530130132177,283.8561176858355,189.94879174996848,374.66944388575223,3426.7845888848333,2675.249826687789,4472.379608118142
2022-09-26,14864.0,15047.44399161443,14446.457244901912,15628.845525259905,54.75389475648466,3.3359213494089164,136.4519529571355,198.94137544948563,36.95841361224045,514.1518550891745,299.8308944479934,200.33952124077317,399.0417157704958,3827.206726555092,3043.457273640334,4904.697803996956
2022-10-03,16057.0,15515.940958814068,14927.280507554964,16095.15463202769,22.35276235722393,0.4707625851673572,85.7200950222922,154.75674634885968,7.9227571213538,487.92761186038763,220.49610208979553,115.94966998824793,318.9199409501023,4571.918505756502,3798.5092858609123,5618.350550126561
2022-10-10,14568.0,14666.964903895689,14072.634271258665,15246.128583721968,10.337194422906496,0.08355475509484843,53.5763880603703,117.98173428984212,4.623849368918688,440.590156639862,142.36266944480894,52.133005492269234,241.212662993029,3852.9690104258184,3054.3431163575297,4938.180457151392
2022-10-17,14626.0,14599.809773438077,14018.528903897948,15196.711441595971,6.373075716494557,0.1075116782628971,37.00904965740427,90.94022674302299,3.9262115179261525,380.22476237116217,89.53513311330107,24.32883369422212,177.94532972443747,3874.6014006635824,3084.657643479044,4961.678402098553
2022-10-24,14463.0,14286.710207704547,13697.083241516782,14871.920412685398,4.819337305669673,0.1268120796338392,25.870618120554767,64.1692678556823,1.362664584036014,309.4415074493415,53.58664742146203,9.296748627785195,126.20101355718026,3626.7013827193987,2850.28107866269,4695.604619830238
2022-10-31,14862.0,14839.843115870643,14226.001850667175,15422.391913171166,2.5122009686023277,0.036848693232422444,15.720803051681361,42.021644289234175,0.7122049788746023,218.1187945255763,30.33611744429552,4.871756215006384,78.33649054396541,4222.441226669842,3431.6270275205025,5300.897167667718
2022-11-07,14882.0,14932.237972170478,14348.072283656527,15519.448525525651,42.37553596291178,2.5378318469363434,109.79203474903147,154.2589159161442,27.960100376615628,429.1879584834273,228.46774012742063,141.14057225384272,326.6393594791516,4078.2388498750183,3284.145695340575,5167.939954140131
2022-11-14,14485.0,14448.756744785762,13859.903326449084,15042.86890364305,50.72371031824301,3.0444724114986914,128.57929360680345,178.47345478606846,33.105319812409064,474.4285379846952,263.4750398330001,173.62177213084297,353.43061558090636,3532.4642289963517,2758.6230703231527,4594.295280889847
2022-11-21,15177.0,14493.92825288225,13894.575567157684,15066.740709613554,50.8824056265959,3.0391728121973296,129.04776385105194,190.16517547177392,35.13485420900731,498.42623626523584,279.9626007373453,186.9110312413905,370.53171713211304,3545.90060693295,2777.95284917215,4613.178205221893
2022-11-28,14822.0,14856.380774258061,14274.034506162126,15443.55240845939,51.248776085480756,3.0513188663165844,130.22847232032038,198.87255543279096,37.05843782790535,513.8748402109641,290.9982092868606,194.0712728734082,386.0063652809625,3891.577776941406,3105.2475972489055,4974.482416527528
2022-12-05,14593.0,14566.2594090088,13976.240506260065,15160.467719516475,20.76725508045723,0.45086674611098276,81.05582131506853,154.88405076261196,8.460271498027828,487.67167765795614,205.50017997403947,103.75734692423286,304.01026565744894,3881.6328879116586,3091.0638770388314,4970.471904607713
2022-12-12,14830.0,14566.196147139543,13985.028037976837,15143.412663054653,10.65403874221494,0.19024883278909474,52.17870254837015,111.06449430401501,1.300376265911306,431.01796086618333,134.52779775471487,49.57547735388329,230.35710541639102,4002.7114627362266,3209.469344244617,5091.081805904166
2022-12-19,14568.0,14318.07426560948,13731.673666389313,14903.599809006824,5.343624193637895,0.03122906658463224,33.995393009622866,79.79675969880996,1.3225272630404563,362.03943642887015,87.7533963529963,26.49973299957839,171.7453156258894,3839.5246948974245,3050.7341630907267,4923.687624571994
2022-12-26,14200.0,13966.203030824026,13370.147946188366,14573.31767351113,3.4439990035267263,0.04158739077253025,22.717986140621786,57.23745156134251,0.9191915227392067,288.8885553630986,55.4725979468279,13.426507038725397,124.48147561773,3548.7183593149616,2778.1789899312384,4609.3645701582045
2023-01-02,14253.0,14115.778517947749,13531.300414300647,14708.570277099487,45.94507317571945,2.7683790525364107,118.11616545427721,161.6177122414554,28.943730589228018,453.47073698333946,34.59633038717975,9.538775950776458,79.25399761093296,3880.078161268894,3094.860403828456,4961.7828886588895
2023-01-09,13956.0,14308.795598726494,13729.332175794729,14901.352472816476,49.29491157337752,2.9517680219823084,125.02060940482174,184.4082252704565,34.22462777231874,491.86174979980797,25.622464926397512,9.40844957035124,52.41423152198469,4057.5828848343785,3264.023536193297,5147.339163301382
2023-01-16,14356.0,13857.452184345597,13252.998340564853,14443.11272870259,52.840529100724474,3.1580801384012034,132.64805418143735,197.26667583409363,37.523104201545024,508.9236712291146,13.045640046466842,4.549435882058984,27.036876733467324,3602.6924532673006,2824.460099511085,4668.534304035478
2023-01-23,13432.0,13735.013465461334,13134.24604928686,14323.041943777622,54.0248670128165,3.2889146240250997,135.05436917171883,199.80690271682562,37.0851596943846,515.8924845118776,7.711521770359691,3.6278178903405123,13.50910867240152,3484.8382444316776,2722.6642422891814,4545.07873335936
2023-01-30,13813.0,13665.081840580116,13084.104198387031,14251.957715134306,52.41457976602259,3.120885269123918,132.6238111181905,203.1763233326189,37.64904902093027,520.0907128527683,6.570448799705011,3.0684432234567725,11.505984305546608,3418.2223905817473,2662.0378692972185,4472.226245701041
2023-02-06,13863.0,14058.988489322228,13465.554484172242,14657.788155142427,20.91974404867794,0.3191449687994055,84.96234524649495,161.3541569525235,9.292251947337242,502.1428332347635,211.73245755512693,122.53738700313252,318.50626998343387,3797.537554890507,3015.8972448013715,4874.5253609149
2023-02-13,13866.0,13932.055040321631,13338.911780476605,14524.855778325029,11.461572064696977,0.2214970903960641,55.926259461199436,121.16691286448763,3.2381646218833486,461.87780295950364,256.2038948108199,166.3313081438367,348.3798928963957,3676.7487679449646,2898.121775489228,4751.563817455436
2023-02-20,13421.0,13456.852446405295,12892.473891960937,14037.859342375978,7.020464027743005,0.13963928666030376,39.07871412185765,92.56120000083462,3.1443441852450804,401.116543015978,286.14782861290837,191.95969103959158,376.82734199135405,3205.3683695063664,2471.5316418647853,4227.186758208324
2023-02-27,13863.0,13908.0491185995,13320.275254531836,14501.090609627889,4.079496230408648,0.06938598906616222,24.58320598111814,64.5490463250973,1.674473421382862,311.37520580548096,305.46848691696005,204.28570186836706,407.7477070064061,3664.951535105937,2892.899978799797,4729.992573121888
2023-03-06,14273.0,14204.488599929095,13605.815576558112,14781.612527010566,2.864514773650034,0.07442587949607044,15.60239528296272,176.53210537026536,33.91903036838593,477.12534317114125,225.54619372408533,119.68064330644158,324.20756236639545,4053.340244984021,3262.5296169780813,5136.002203460092
2023-03-13,14533.0,14062.885988344955,13479.229526785317,14659.131363359716,1.4707016241239976,0.026722783477342145,8.689703290544633,188.4042319160647,34.78132476116413,498.4852876606482,144.25923372326787,51.58109630818291,244.85096965095823,3984.6615616497406,3191.2941058446754,5072.090628028958
2023-03-20,15005.0,14890.576579048935,14306.39244291175,15480.873124614925,1.0074049972195838,0.0354417812306817,4.433281289487165,196.0922271037078,36.30212209212547,509.80056273974606,87.7046880468184,20.190889136998113,178.49775676990106,4861.367854658658,4118.68068037977,5873.50779224546
2023-03-27,14914.0,15026.73125561116,14427.925226056352,15630.220641975828,0.41862196979119076,0.017813018236877618,1.525490049642059,202.66377629693136,38.34571966802608,516.8856713359847,56.599190251207524,12.144646111956739,130.1664099040129,5015.5935036865485,4283.197682391713,6000.769920033833
2023-04-03,14994.0,14781.920059971442,14186.14542229725,15378.44586132996,42.01009395276117,2.502576150455763,109.23978917100033,157.95061028655306,7.582064355253134,493.9765059951399,41.39173471527062,13.44394819256757,89.52076509526268,4907.658011315358,4154.154327091769,5917.243268527129
2023-04-10,14773.0,14495.746923142126,13898.977028083244,15098.740396364576,51.871924523598,3.10747768901896,130.57910289174754,115.9105448843178,2.0688504082357055,444.1052957934812,23.21963936378458,6.635451611982438,54.07910162222904,4683.456369295989,3907.613163475929,5731.2428385739695
2023-04-17,13535.0,13977.474104496621,13389.70732737922,14566.758980705985,55.023338068708874,3.391385208709721,136.5948726808508,86.47747472403773,2.3942178508200036,380.88045978087536,16.96476621261504,6.939018807242589,32.72853581257055,4197.5851346697,3396.0853408816815,5284.759463745671
2023-04-24,14165.0,14082.831252602116,13487.224171957032,14666.700437407093,55.5877039787071,3.3794185859155124,137.78810786290387,61.51975280979856,0.9872294348690676,306.73988232869755,9.8042514213208,4.7908102719998595,17.726399500464115,4336.230813977568,3546.8778231731303,5413.329334155907
2023-05-01,14612.0,14445.29896391129,13841.98802848003,15039.783155290868,23.211454601097955,0.5132515490442362,88.57575693612395,159.34499054174546,27.965252864443265,451.04237782019,190.9798287136067,105.96959002768088,302.1284052776483,4568.086996794456,3790.951259582615,5619.100288281717
2023-05-08,14273.0,14394.392514702899,13809.802548573212,14986.301991418652,11.095571433571253,0.12586372505079227,56.24043605657326,188.78785888756207,35.898766731416025,495.7629919096,250.11323721184945,160.39986978453192,343.6742371925122,4434.596671475111,3645.773425498507,5503.879974026812
2023-05-15,14370.0,13971.121219183064,13381.593252973831,14566.971330766477,6.897735091289518,0.12435955898943032,39.096385661265586,192.88805093204982,34.89048648675282,505.37992691541046,280.9223027859267,187.6503409112951,371.02941522327404,3984.9076816743473,3186.64978186026,5069.65988720737
2023-05-22,14713.0,14778.157146069387,14178.565505466815,15366.261964261786,3.738272217947452,0.025099859695181,25.58041369171914,206.05645075088907,40.549892602788816,517.3616021002646,295.825933119516,198.15742020869948,392.5235665646465,4767.435151343613,4014.2431084576633,5791.176836113894
2023-05-29,14621.0,14614.016786922886,14020.747278674371,15193.291287313577,2.628173689426333,0.05107961217361499,16.09188091076596,209.46339608255303,40.47105137208227,524.3994166457329,312.8309294971717,208.83919983532672,422.2336832294903,4586.582353479094,3806.038441696153,5642.6408414280895
2023-06-05,14676.0,14808.439606108277,14207.862106379198,15400.726047512311,2.3326900467914924,0.08359730667126461,10.348142928317367,166.46684543601265,8.114217532604163,509.16542035158335,232.04918429700513,121.28743322532512,333.641346182079,4940.105470994387,4198.7764287457,5939.544489783126
2023-06-12,14416.0,14505.681937550748,13912.089013113098,15102.412982225214,2.767782313230002,0.13756231887596554,9.490332292295749,129.76845827280152,4.926170310534402,475.21922008043896,148.52642363565795,50.901664059315,255.5637325316869,4755.2671974352415,3985.4198090498885,5790.39415363184
2023-06-19,13962.0,14408.003045018,13821.765685805862,14992.365654691394,2.91226765409,0.15102109895252996,9.484585836964007,93.53593441478034,1.2982516340836912,413.55805621422985,89.73713486503475,18.449861868854544,188.03260811208335,4751.025138958223,3983.543926636728,5784.255999523763
2023-06-26,13826.0,14398.449501468376,13789.72414671229,14981.708118366201,2.205465348725835,0.11154761642738847,7.35719984280938,71.72531096387517,2.949857822767616,335.07996162702875,52.556437412177694,8.25548242733633,125.71275072687399,4809.8895387318535,4049.3630775100046,5834.692026603735
2023-07-03,13696.0,13293.562733852017,12700.870240372491,13886.629784835744,1.1688592132807318,0.04830622769970953,4.2203377541118074,160.30986178699857,28.01019831628708,455.9256130115516,30.70190308540634,4.904957229997163,80.76667797160736,3619.0343966380024,2826.7667619232857,4700.122025655415
2023-07-10,13023.0,13262.978439803603,12680.775607683812,13868.893648957934,2.013574975923863,0.10504552881618338,6.509959337314493,188.48453281617373,35.52369687831581,497.61728175493306,19.621198715350264,5.171855901971166,48.967997358375804,3563.308744895659,2793.1198222811922,4630.531983907787
2023-07-17,12489.0,12770.927762162653,12186.997578360666,13370.30840978659,1.5387846057652792,0.07606827433499702,5.146919854046158,201.93444534251734,39.37069164347673,514.1935463455567,13.574790751530012,5.328355322293024,27.323636366596993,3068.446430906651,2354.0011159913633,4069.8836949478095
2023-07-24,12274.0,12853.36818501629,12259.150149774141,13438.981148235374,1.6038236522243645,0.0816100015194392,5.281125546490778,202.70035981629326,37.889571052670036,516.9315394288648,12.645822745700995,6.167402440463025,25.72669179488944,3151.8605507774605,2426.5597809203846,4169.692548382828
2023-07-31,12793.0,12905.222357720117,12301.788341142543,13495.18932902886,1.054234769195348,0.0487948622317287,3.6640206405208278,210.23750964591525,40.79249316901831,525.6642718003153,10.860125760587037,5.403787039190881,20.6396897942572,3199.0160975404615,2467.433113651271,4223.279848759379
2023-08-07,12925.0,13267.055280322511,12682.589703126125,13873.103139645265,2.528465322750376,0.13223674189637843,8.074199487479177,168.1773739782976,8.917227231402668,510.8980969290546,7.040375189186951,3.28043441388503,12.390645801886917,3585.2776187785516,2818.0241773934918,4645.9448294970625
2023-08-14,13604.0,13117.255250848822,12528.94745577714,13708.911561818744,2.2039251145429413,0.11172631707164561,7.232224153407845,126.56700489114279,2.556960480807173,474.5140831499648,5.391084073055368,2.4171959306589,9.423430386394063,3479.654036626445,2717.404431043282,4539.887878661754
2023-08-21,13351.0,13081.856102278698,12492.306873406938,13680.127243879955,2.1463983945958893,0.10946973363920737,7.03895055583515,95.02975614638201,2.3826249946964695,415.4461573587692,13.061166128949036,6.444834490463234,26.374188158522674,3465.902052312228,2704.464779705832,4523.995373831012
2023-08-28,12714.0,13012.645599846,12423.072221480385,13597.794538946233,1.0167013385716828,0.039981019317942394,3.7701219865933813,66.76085252408944,1.4362407495143699,326.40164998691574,9.579897839611673,4.733503690260201,17.506669813662747,3421.907840213206,2665.094335719264,4477.7817408513265
2023-09-04,14596.0,13959.826605092223,13363.052970229279,14560.232184226408,41.67290660696021,2.46636231877159,108.60173587881226,168.7908109891174,31.057688214060494,469.83204966593985,219.55613165609975,129.44395884664326,323.55876832232804,4002.8617256276057,3212.666470433654,5082.558404649678
2023-09-11,14311.0,14046.789808986532,13463.581656922017,14630.882772501462,49.6562143598325,3.004516345386264,126.12767262572304,194.91885822903475,38.0423498106182,503.3079573347456,260.30732698398634,170.10553396420428,351.71424899444287,4018.361937204813,3224.7896825376547,5106.243969533815
2023-09-18,13178.0,13342.209764050167,12748.994817485316,13931.478638511438,51.07979485509152,3.0490394997966024,129.5606977082717,200.14757150740522,37.717915958609204,514.4409308798355,296.5153831995552,200.05410494812793,391.4115290481507,3263.611577248135,2516.112866646469,4297.468392138613
2023-09-25,13093.0,13843.321910218838,13255.24373766944,14437.272159776412,52.33931964288665,3.1422522276844975,131.68749980735117,206.39036210249424,39.82910005067883,520.1015575780182,312.0075979181636,209.4254325402815,419.48660607428087,3745.6676690679337,2966.936820693763,4816.712934732187
2023-10-02,14598.0,13932.28100971838,13334.478271829412,14533.04210010499,21.696433623758555,0.532517108476006,82.96438015331914,163.1494604597674,8.40679913516677,500.1925253414201,231.02810587268172,122.31409201367507,330.5585470303708,3964.8627354599635,3175.242560032293,5050.572174012015
2023-10-09,13433.0,13877.653851476569,13305.048815589349,14463.25476241546,10.004539863445663,0.0960946727973155,51.878968944094225,125.80517228614026,4.7555978083933335,462.5438997243378,151.78485423894188,55.83912239615674,254.8844228757094,4050.4203843097075,3256.356745618844,5138.989611305725
2023-10-16,13454.0,14011.757772625502,13436.304339419472,14589.525552977877,6.195626534282539,0.10902351409989625,35.427552644868776,97.2366329098911,3.9592020844174054,403.5385804918302,92.2620162886319,21.59499625876824,186.87654057442217,4276.201729503836,3485.1627963729597,5358.21224484151
2023-10-23,14461.0,14295.262839648454,13698.258319319804,14879.258994896732,4.4382977402988075,0.10663111071967415,24.553560171025836,73.35972071753395,2.584622454082231,341.5657331378946,55.048663167566424,7.484822482642282,133.00020782927922,4609.997378882193,3836.9941326134262,5659.691616003306
2023-10-30,14887.0,14325.707776815549,13726.16811494068,14922.199868621283,4.2930265639873815,0.16830800976062094,17.774029704958934,52.48416728401562,2.1466762909123602,252.28501328068504,37.64789921882674,10.119972740141417,88.24529684661087,4689.742033837275,3919.413018881358,5730.2220318618665
2023-11-06,14626.0,14343.50094861727,13762.577009305991,14933.293752260253,46.22543904343143,2.802559831217726,118.75881316776372,153.4999846796729,27.46529488124301,431.1373360197641,221.51912810661184,135.48496262332037,321.2258452383279,4354.935214633101,3560.423160722715,5431.349381538846
2023-11-13,14819.0,14765.423423239945,14170.332548250251,15351.32085832592,51.07951333292276,3.084613575602959,129.0350842926744,188.7837723892368,36.68745191163178,490.3207781006618,282.9491338582502,190.79807828975257,373.1674510612773,4673.023061302253,3904.8455751079355,5715.1174707756845
2023-11-20,14796.0,14725.667819399405,14149.513474652666,15320.987573835213,52.9185918445929,3.1351301476289373,132.70093512287022,193.27744900785214,35.54984580236181,503.1004633773562,308.9264968173282,208.07158571812408,411.89929941012036,4607.441419220436,3828.363584836203,5659.531765998018
2023-11-27,14572.0,14396.023622666771,13813.818270660471,15005.081270527167,52.38763377188509,3.1464434566682424,132.29041860045191,206.15092050469113,40.306084843475496,518.3446799118396,321.05935455068203,213.17205245750407,437.1144483511353,4247.007653240317,3449.402325821756,5328.539519871098
2023-12-04,13652.0,13509.177419692673,12933.422300892818,14115.71623345351,21.65759056732108,0.49869701632499325,83.92639742326729,161.9529083662426,8.207801952284902,497.54898203610304,240.61104381198385,128.19702642980516,342.8723824416059,3497.5008032719256,2723.9388539721854,4558.3873436260665
2023-12-11,13395.0,13376.276749355815,12788.26382669234,13967.197575414639,11.50932590382026,0.2328345137947509,54.77840352315715,117.39088966199711,0.8820784997073079,448.98695108840315,157.56816433183357,55.71790575641748,265.3211284940766,3499.5475821831155,2735.5626986395246,4561.683076123561
2023-12-18,13170.0,13232.900972522353,12646.017746068374,13821.072903007556,6.810630085673277,0.1326536408809719,37.48882495648766,91.47736868152845,3.4791909227599738,389.5539888197838,98.49022258279508,23.81127986087245,198.9833804894364,3441.3548511757394,2682.752416726404,4498.456028377871
2023-12-25,13142.0,13279.05031917806,12695.483084589692,13873.20531773997,5.224645405258201,0.15250288847280963,26.829725943048285,67.59882354330483,2.0193254179066247,322.66849258977976,61.10430203121001,11.162961223227452,143.4331781446976,3554.141774094589,2786.0671666494195,4616.760006000918
2024-01-01,12940.0,13189.611288939557,12595.620039644915,13760.349363606085,44.30137873165749,2.65251781636811,114.2503248181063,161.61688229202477,28.433888189840722,457.31385015840505,39.26536249151925,9.545621202979909,95.17292445923754,3599.873467969944,2827.949296629806,4670.550709958954
2024-01-08,13402.0,13463.798190402918,12868.864888662209,14040.731812874941,53.61584132103728,3.239034468320255,133.9150382415263,187.32437800082226,35.1654593248569,495.3899147799647,26.46430171971796,8.623254410522398,59.20162668138707,3839.089740325643,3053.975603158044,4920.310408407809
2024-01-15,13362.0,13810.647358874068,13210.571934759904,14407.393017792874,52.18853719987651,3.109037966110201,131.4947778748114,201.00547699216358,38.97858405307202,513.429569322984,13.704452691875808,4.723114980420377,29.313452873194873,4200.213008148873,3408.644740483093,5280.344394824688
2024-01-22,13903.0,13874.898347484517,13269.139660349236,14468.986771302923,52.90097978417513,3.202773546849127,133.21638806107836,204.24614775240633,38.705074056773185,517.4005915462349,5.260536380101919,2.3379777482846773,9.230883361694895,4265.141706193209,3474.009367619238,5347.231803754771
2024-01-29,13408.0,13635.816719886969,13047.747513726494,14229.503350093571,54.82692159100954,3.3284936428820817,136.68288523191453,208.8485754805803,40.09945366009601,524.2836045029907,3.658047579075133,1.5206811590385534,6.5574619241073755,4020.7730409470223,3225.4340836043802,5108.101828526391
2024-02-05,12836.0,13133.24852106665,12524.65333102757,13734.215704146747,22.278479931918092,0.40063475984671376,87.82847302697552,168.0236041930285,10.05599602256936,510.41974216225367,196.9095294130843,110.09006732949484,307.75798608358684,3380.3261461879333,2621.2154253617227,4428.769413631203
2024-02-12,12965.0,12942.02565724863,12362.265813793998,13527.990474049046,10.302012565188967,0.03920440628394247,56.219705546376765,127.32173240094266,3.2903386122948586,474.27152636186463,267.4300250740806,177.6685244537686,357.8183511279333,3173.4722868906715,2445.3503828003772,4192.922007714185
2024-02-19,13720.0,13356.880814179636,12773.739795611227,13928.29256437476,7.347988120159422,0.1658819795430389,39.9675457325513,94.79910496563132,2.2178696811441214,414.90173483777016,295.2254863987441,199.11230259136963,389.62010344762353,3593.5751764056995,2826.295457482536,4655.680538300511
2024-02-26,13213.0,13071.609935017701,12489.553909589995,13657.707056773525,4.502997746197618,0.09637005340186258,25.663481520507535,69.43750590568989,2.248389074515029,330.62935985458046,301.3067654114321,200.93775826137806,401.7176792330258,3329.701137890833,2583.40959238848,4371.626828526849
2024-03-04,13450.0,13939.624005076628,13343.133402548734,14523.828834185966,4.22573223170176,0.16106767458311538,17.98779493688221,178.6315945357625,34.39265245646503,482.9824305722976,219.10025676015434,113.26172275569739,318.3428720471,4152.692207531384,3361.280014398003,5226.325257377534
2024-03-11,13507.0,13780.844008402004,13212.41319918831,14361.72262716213,3.1835785365613596,0.1296827888958586,12.351827879410708,193.96527789507022,36.95613479219531,504.54795987441804,137.22216095330194,45.60092485150666,238.26198301013284,4064.980283399072,3271.1763615445934,5155.223277626607
2024-03-18,14157.0,13819.442759827216,13232.092887341298,14405.003871941413,2.8218118765551914,0.13554759622728105,9.847305295136355,203.68316652625282,39.6318149672202,516.8465062888772,81.96726835043644,16.067871940364025,172.24459492289458,4145.885590795422,3352.2633300804714,5233.893949908773
2024-03-25,13420.0,13641.235148308431,13061.706569425138,14221.197072889547,1.3040360302179919,0.05598121009701252,4.644139079199159,208.34337520908508,40.49262663508769,522.1869387656986,49.10231041903426,5.5321299195049,122.40639987510473,3994.9184339781796,3200.439823671733,5081.916608274908
2024-04-01,13782.0,13810.828905075472,13221.656718587159,14391.083060217972,46.77876296516821,2.834630763444517,119.77320671417287,163.8850172704579,7.331878471322618,503.7676598394726,34.38328725595043,9.148840978224632,81.97641523796841,4161.5226003755215,3368.511981059448,5248.828544646539
2024-04-08,14655.0,14507.356699025098,13902.387358368289,15099.213423760739,50.22782529874486,3.0070284190727614,127.62471903062409,121.8087319660994,2.0263751722478953,460.8453017977843,25.36137652228371,9.417558513163174,52.46006480990156,4913.459385927517,4175.142672265663,5916.533130942056
2024-04-15,13436.0,13763.327580060002,13169.087756072016,14354.124461479092,54.98277066930727,3.40004860093497,136.55389164322781,89.93766673121895,1.882950063973982,397.96929673500557,18.91198375850824,8.517101957145531,34.16987675379617,4200.914570673121,3394.26759926549,5288.456686599868
2024-04-22,13492.0,13516.995169875356,12933.990814649802,14094.742514707288,54.18131339487199,3.3087200865394157,135.35049640550915,72.63858617147396,3.1535050132485525,339.6138221985087,7.595593973150373,3.446317041996253,13.350157392152719,3975.4507338775984,3180.544001625396,5061.472871523873
2024-04-29,13594.0,14105.101336004429,13510.389045818984,14695.736606339351,53.9346506627033,3.263180901392095,135.05877916720354,44.747489890831005,0.46642503775404326,232.41782598203716,6.203907140923123,2.8289640037372092,10.873440798310254,4590.9699053544455,3820.8898626856276,5639.055808288556
2024-05-06,13998.0,14188.784072468248,13591.693584847322,14791.825726094681,22.35790300152819,0.4619786899991494,88.32983513564523,171.67293396706907,32.973768539269905,461.70720560850935,224.52534925252857,133.93032321205123,326.8945666229993,4345.41649108361,3552.958468420004,5419.928317911056
2024-05-13,14244.0,14136.514995895932,13542.223078434661,14727.753179056896,10.835373772154798,0.11585594785095485,57.03853860178761,190.4335691793449,36.335248786693064,495.84163707214634,278.2709437311304,186.6019697497482,368.70937223709467,4230.337970235355,3435.7010635914185,5313.48089679567
2024-05-20,13901.0,14359.43335494487,13782.089820204963,14937.864373425075,7.133178418545048,0.14415093357855244,40.10223870731808,198.94244901592728,38.00970306131346,509.76345014355263,301.00178109006055,202.61292672184192,398.81968419832236,4432.88285463587,3648.6403079576103,5498.469126597169
2024-05-27,14186.0,14026.468056202519,13428.806538189378,14615.454111010798,4.19460833006501,0.07265948216669639,25.269542276045893,209.5357172478641,41.42666072439055,522.3173660770924,316.8159616281665,211.35737467741205,428.22748501070487,4069.298221259725,3271.6886835464147,5155.23461992969
2024-06-03,14828.0,14860.438667977925,14277.032661507512,15447.622497303319,4.201447519234285,0.1579724245731115,18.085770058487032,166.67160971619725,8.810632883230051,505.7614506855305,240.12201069420144,129.62208715133335,341.01362072240994,4846.281713553272,4100.381534699417,5860.459124152172
2024-06-10,14614.0,14494.78531883843,13895.793063387968,15085.191183493054,2.608168057473142,0.09482648921054065,11.126332715499348,122.33056197070783,1.0448472533476467,461.82462352889166,156.49683774417198,56.59822946017052,262.4851114100343,4612.036313982883,3833.4156724359573,5666.098147489365
2024-06-17,14693.0,14714.943205672103,14131.87320111627,15311.540941862251,2.457492296595863,0.11700956654476302,8.643164933566245,88.9558055205549,1.320000348263052,396.85716982852534,95.52705709049461,21.83086598565622,194.39088849732107,4924.746001023361,4180.435923245164,5928.314599555084
2024-06-24,14329.0,14030.543471567547,13432.079624928381,14618.263310264336,3.0552842929274533,0.15828343629030692,9.889421608509917,68.08449639984838,1.990786546218141,330.19674451490755,58.910420033802595,9.850921747586543,139.9880238400929,4289.413757974206,3485.6579483430605,5376.541147931522
2024-07-01,13245.0,13230.754460862037,12636.200246386881,13826.971120472122,0.9183050995711882,0.018880937270535202,3.839789808088004,177.5978270972302,34.05213743498982,481.43232579886086,33.27802502810157,4.881278647930369,87.96702653204501,3406.67549892899,2638.0051807546483,4461.558094171663
2024-07-08,13354.0,13406.159649838448,12814.766658320777,13982.609663244622,1.053815435168584,0.05014016127072227,3.6195387456622763,195.6081734541787,37.83370982766409,506.42791468275493,24.374274723733176,7.8199128195030205,55.488238677913195,3573.3948845415157,2803.1954229389116,4639.659813284851
2024-07-15,13598.0,13469.127377510304,12881.287081653183,14066.485428835222,0.8627710855861079,0.04047719656253078,2.9769232195783104,196.783840218819,35.96804688356894,512.3758195866895,12.413498388151204,4.073961387094537,27.64275560508532,3653.2526527904643,2877.3343067060814,4728.726530357996
2024-07-22,13523.0,13258.046684629091,12659.400899099734,13852.182692788925,2.447267797247262,0.1277597254728485,7.853841351072462,204.63994471788607,39.24041226664588,518.6217623628972,10.58457984636754,5.277228380190692,20.81896138051442,3432.832358497281,2675.892146398737,4487.5854721251135
2024-07-29,13068.0,12960.090405315332,12372.368844992023,13549.543370679889,1.1000876172066536,0.046369800162823736,3.894112398137418,211.91154928291297,41.71542226146628,526.1849514340743,10.292426555156318,5.1415325755797125,19.635079509335764,3129.059137390524,2406.692530635715,4142.98080307897
2024-08-05,13349.0,13248.723110223791,12651.740970613973,13838.821688627822,1.659160176246702,0.0868939924726358,5.40096207164003,167.75025647902382,7.255983617167927,511.52683826440943,7.322186738377246,3.5017673808257896,12.970301173785941,3460.5830053363866,2705.26927469425,4514.2551404400965
2024-08-12,12680.0,12890.107519222272,12304.218216216499,13476.866527165033,0.6934089255192004,0.025097142980826156,2.642245875548371,128.73407866869425,3.644175808305684,477.2825643591458,6.782685663023872,3.261577584665727,12.085168651836186,3137.260190513983,2413.3587639954876,4151.875700546587
2024-08-19,12500.0,12737.771610875581,12150.40132696305,13328.98770344922,0.9661024889449306,0.0497542023834535,3.140690183283935,95.04525176759836,1.8956640161377745,418.80413106155805,11.995287697189807,5.9450534477045895,23.890262051639542,3013.4923642374765,2308.2304046853674,4008.3741570440043
2024-08-26,12903.0,13347.78957073977,12761.493878226003,13939.564959607547,1.6979251385023357,0.08835163135879827,5.47298368336018,68.0803025305737,1.9494016850120663,327.99702809966107,13.968509623150956,6.990643256536728,27.37092866148991,3643.2274931197485,2873.4029259684035,4705.371119947479
2024-09-02,13957.0,13455.960540409531,12874.552448645296,14029.70795436809,46.41919360282651,2.82715676119761,119.00826246690015,162.54691401997255,28.695937542566806,459.80171911210266,191.47737284148224,106.41525420887353,302.60622646823424,3427.8203552710734,2672.444384121397,4482.788093792825
2024-09-09,13536.0,13916.022766326436,13330.61464370254,14487.194269842434,52.43048321467348,3.146470807805157,131.61199933145582,182.85823791810174,33.571556849238505,492.5033441753045,263.59226067114946,173.55080076159328,354.8266654784729,3786.9732012888044,3005.745350720494,4864.025140001035
2024-09-16,13150.0,13381.561525223513,12792.206866953527,13974.500015605649,53.359086003734326,3.166291188864531,133.59035293384184,200.5293485159221,38.809280656807715,512.6006284410349,283.1121313161776,189.29205358909547,373.7191003738789,3220.540079183382,2484.2565442792325,4246.453584031925
2024-09-23,13595.0,13785.778214322143,13212.787002102557,14369.55413515536,55.671237141033835,3.383787535243677,137.80028839761744,204.76814749343546,39.202365878409594,517.23838338104,306.7261975639445,205.91676893088172,409.53839691792126,3590.9844808139205,2823.9919574555315,4654.763817148301
2024-09-30,14413.0,14118.385703897196,13528.09364008861,14707.187387928392,54.432083110072405,3.3021083005906133,136.15626921219254,211.10132265241313,41.31684722421351,526.0131255221087,320.60739198427024,212.36202181407344,437.357242842772,3905.0084618908695,3118.3828295123158,4989.253437924893
2024-10-07,13718.0,13792.8990037993,13217.201464933414,14363.40766456475,22.374701214960925,0.41714603120095595,89.06842100163294,169.20536254118383,9.028905479837944,511.74719211213653,241.34861834828547,128.0007493406332,346.42040331592233,3731.3119070330436,2947.7158277485887,4810.213195254941
2024-10-14,14473.0,14101.021337258799,13516.80619826406,14688.673039185185,12.449707751274316,0.26349977072078606,59.39995894235303,126.11276507621562,1.6788518609073335,474.9184703804705,163.65771130274305,62.09376990686867,273.58289781566566,4166.136943246727,3375.9377417319347,5245.840963367993
2024-10-21,14116.0,14368.628783156806,13788.697773937713,14951.477117438124,6.517193310730924,0.06639116457759865,40.44718605494199,95.21011839443521,2.403322975379281,416.7023927757344,107.8170374676059,32.536086336627264,209.18449747470711,4531.883089111695,3753.2800188735246,5589.167846285163
2024-10-28,14443.0,14466.372866312271,13886.787149377495,15036.689418710059,5.371621166674138,0.16027898750128386,27.483115924331635,70.85657542627813,2.5518274551188758,335.3709548270832,69.10725440552602,19.361270378527287,146.9990341468876,4688.549475364219,3919.809598079151,5729.440070910666
2024-11-04,14561.0,14925.332937807229,14335.695411882349,15498.09661928522,44.96115935363582,2.6913430892244783,116.08761210437075,169.86971643151554,31.223854917259754,472.57361664208673,221.0525095573287,135.74169069610667,317.5537523338649,4846.1351191821805,4092.644068025697,5865.146414257014
2024-11-11,15488.0,14950.91596098398,14359.587144148627,15541.438574281712,53.87757781202875,3.2641388740954356,134.4382633150338,185.12624056094134,34.07758646201098,495.16631639119606,280.4672995729532,188.08407884890426,370.516950732986,4795.1711938164635,4031.386725745302,5822.1197434796295
2024-11-18,13522.0,13937.711441524621,13339.324545728243,14534.843343534432,53.02371583068856,3.174296806494572,132.6785289749257,199.07788036988572,37.99044169348496,512.1861232355109,308.62286537180853,208.42067790763278,411.32654698419924,3742.47604976374,2945.4170805487665,4834.528229690973
2024-11-25,15018.0,14978.690349097084,14396.058872675685,15577.242736110553,55.44865540848344,3.371852233627502,137.46161707059335,202.0663173632676,37.8634380435064,516.8471518875521,322.2710815613043,214.13411724458754,439.43995586188146,4760.224386744852,4006.6373831559404,5784.738143646809
2024-12-02,14361.0,14243.174096759956,13649.635650976126,14821.124977006693,23.962513504177718,0.6371725912383399,89.2173288676018,157.83607957872934,7.708557414395707,493.19432808339644,246.59071108163909,135.37867630643592,347.3625623721495,4163.338655598316,3360.178620061156,5251.384612852982
2024-12-09,13863.0,13784.831015232374,13198.924867445583,14372.387109311314,11.339975314830777,0.1430042152694331,57.187402668367575,120.59560590405854,4.434263663475335,449.9157513933975,159.95090906710993,56.44711104820343,267.7446031070536,3849.6648370437592,3057.7919259440528,4932.376687587077
2024-12-16,13646.0,13762.6609647927,13173.39110229549,14348.9602545231,6.273359057643384,0.06885335461740578,38.51125380007387,84.97503536879826,0.9947584835569317,379.9965346368501,97.17361028147587,20.80782210487012,198.5084573058471,3928.818446009261,3137.0809610217325,5017.074325618885
2024-12-23,13143.0,13288.174323380503,12694.632382536422,13883.642663227194,4.267842330061485,0.07533837621163945,26.06856354800179,67.08448544971189,2.5993806257379486,317.6144611103624,58.7571388467169,7.874968567143607,141.82082098564882,3515.395769301252,2746.0602827936386,4572.680328974538
2024-12-30,13466.0,13558.506286099013,12959.224122120422,14148.61755202757,3.4440668104097285,0.1063041014726338,17.04952634252591,50.9195672412923,2.7394945325018876,237.68675714003945,36.301576507768814,6.77736516312381,93.50652524668696,3825.8759347915034,3042.2806092131195,4907.708694052741
2025-01-06,12847.0,12921.597321655125,12350.45776592086,13503.711033937689,48.55674559151574,2.965313719669098,123.821740245598,168.57269031403308,32.034699059119475,455.62640980621745,21.16475044339636,4.859085173957629,55.18904294600225,3228.4767864321,2490.3887952906075,4255.75053446725
2025-01-13,13854.0,13485.132008581937,12903.72781689617,14061.88096785475,54.741483198818536,3.3362613259661873,136.05809313172776,184.8179841014176,34.48996750110175,486.97422921356343,19.35990945663517,8.552732988352794,36.33407208569191,3771.4689404397004,2991.2770889468957,4844.463966453506
2025-01-20,14117.0,13342.650269316975,12755.153969709178,13929.466119137378,56.96636335577458,3.4768271638735904,140.50961354709693,202.3948907729555,40.08030053724792,512.5487360271981,18.807014877898705,9.171641177790075,38.248308181830204,3612.2906646148767,2838.0288832919605,4684.605991879971
2025-01-27,13607.0,13645.637493795066,13060.090387687258,14250.165726482863,57.28241034913978,3.5057599982768632,141.55219984285154,206.29822563583508,39.32223950135789,520.4373169462968,15.369951116017493,7.629848312230252,28.975623347015908,3910.615373917973,3123.4629136269964,4994.249854460119
2025-02-03,13230.0,13583.361184779076,12988.640216711654,14183.946692284653,25.07941517125191,0.6511900609033584,93.09818299272162,165.4325118275443,10.162860365769774,503.0996415692454,228.37298405008252,137.47774628921155,329.5103226437671,3701.652686903473,2919.743296235968,4776.929901591276
2025-02-10,13155.0,13194.438362695017,12622.135622000873,13783.366944289546,12.251917968173004,0.17405954866817017,60.739258331031685,126.66789706252007,4.450486666731893,464.57999422625585,272.1961013826533,181.6763059373432,362.7672557708383,3322.5738190824127,2574.4394280398856,4362.301827167298
2025-02-17,14020.0,13285.619816915681,12697.45742007726,13880.228840910782,7.04175207605457,0.10200668897220438,41.89035403860303,91.75958632126829,1.7598684996051892,398.74589683760325,294.0752556999451,197.61200969856608,388.4592081056286,3437.495484597535,2679.606420197761,4489.528646577574
2025-02-24,13181.0,13525.948825289239,12921.43978645608,14121.374379734289,3.888512314886762,0.018796682578075683,27.39531863014861,63.69432667388441,0.25171560024175527,320.8519322489719,319.4160788295187,212.76125094816305,432.31493275907013,3672.9082729990414,2897.7204295463443,4744.452724115252
2025-03-03,15366.0,14949.478996697593,14324.557748775342,15563.175557112148,3.0788526385036628,0.0768469948894806,17.450629815405573,174.0132262141204,32.813848213498616,475.97505526703463,239.9385468217625,129.51438888269638,340.7410021049128,5065.018555856214,4354.880237892203,6035.5532625605465
2025-03-10,15353.0,14899.159769847784,14293.441915830104,15516.495311238543,3.3312371753363155,0.14259031671761152,12.87208661147833,188.81325584494627,35.219840103732025,499.91831535379526,157.7710905931631,57.97147824901844,263.50071247653443,5087.863228734627,4364.475481439017,6059.298386196063
2025-03-17,13880.0,14017.233170699214,13420.622125414162,14607.695567834555,3.4345447050615534,0.16861835861015387,11.623666364046555,200.1838166562994,38.60153316475051,513.4488754690781,101.3655213863225,28.337860653535124,198.70106510941727,4245.950454066093,3435.317104341603,5340.8023662913465
2025-03-24,14743.0,14516.076224578464,13931.428135704748,15103.408140792646,3.366345324273711,0.1719990572547884,10.958253193675379,202.85080841394714,37.97934355909667,517.2331619944063,70.88932171038334,20.81496277916981,149.80339395868594,4771.133135393249,4013.9569427926117,5800.322444457678
2025-03-31,14521.0,13950.26830338653,13363.072105011786,14536.630977986351,2.510610886720942,0.12581619970583774,8.385099689213835,208.23108660618874,39.83592529497875,523.993880786447,40.87762422532615,9.983927242825906,95.88617016039511,4225.850470840253,3424.070982292075,5312.940973836086
2025-04-07,14061.0,14117.564927284782,13523.418347215857,14706.490430446,44.47004700283543,2.6843614005505168,114.7386830596666,163.8817745551692,7.160199887543012,506.87903322637715,30.450053112325993,10.697821865480572,63.99464097386654,4404.448728808641,3617.8461498414167,5475.162353187902
2025-04-14,14697.0,14773.678658795085,14168.139485020925,15367.745457998122,50.11554723216653,3.0160978226336517,127.51988199934735,128.06411808646314,5.078090869578838,473.1734608142838,24.87298245581972,10.958906093930075,45.41027934638702,5089.564252687725,4377.337359103525,6055.58560648928
2025-04-21,14367.0,14604.282986396332,14016.84069455053,15192.768504917089,56.163768413805464,3.443441801452985,138.63034494981633,92.2033609452203,1.306493303732614,410.27944893730324,14.512642830390124,7.086284272182122,26.174966237267697,4960.428908896756,4214.526932937192,5960.641284655556
2025-04-28,13564.0,13919.990578810663,13331.882719536332,14517.475972811077,56.665206240062396,3.4792596258876043,140.35878266650846,62.43554333942474,0.8048723678545051,311.7419686315414,17.476728662774267,8.73138376985417,32.914618085858166,4308.441275102879,3502.9718498494217,5396.651773817407
2025-05-05,14401.0,14593.713799730269,13998.358204375143,15196.317811884732,23.31160174132761,0.4295544331465377,89.78195117111927,170.7629019726563,31.94691088931199,471.5903053990687,221.7451696157596,131.9087547351791,324.714995268104,4694.113957945924,3929.211118734902,5732.145113156797
2025-05-12,13794.0,14123.99877614191,13533.825830058497,14716.322412244786,10.81915968644059,0.06792883645900104,57.02316577657128,198.50656033964853,39.61154947874585,507.5906284250487,270.27192920170125,180.25516610878458,361.1107255575218,4155.52223908791,3353.6081511544485,5243.100751524361
2025-05-19,14987.0,14944.634604366312,14349.344711707672,15539.145842091379,7.8340964268482765,0.19461572975438612,40.60220329452059,209.2355545084132,41.99171387194398,520.107260906647,305.9434632018691,205.9535675630158,406.76521238381554,4945.1235277604455,4210.347591941543,5942.727160178039
2025-05-26,14343.0,14544.858481759618,13968.756342029696,15135.21754407375,5.478385789982469,0.1500102532824211,28.679849006666256,210.5546228418106,40.75337519665397,524.2167168166429,307.4178605511833,205.2882577470376,413.1352965776126,4539.457847753086,3757.205973899808,5604.241634032826
2025-06-02,14579.0,14500.319378289987,13902.30802516397,15097.841876146907,3.4189475565478484,0.08936822261407898,18.043480136501536,167.2721122356632,7.635872317143901,508.87718106947943,228.02969300764912,118.91996408347997,328.4059059149237,4611.4623918003035,3835.3618668238664,5660.840660420766
2025-06-09,13388.0,13846.9791490563,13264.899509115605,14436.250419342063,1.6993966186047809,0.025812015354737802,10.330914558882508,125.0237477875138,1.9633099346182243,469.98177153843784,150.56233293977934,55.6329483573539,253.66125831366685,4075.1804181094,3271.6585537798715,5162.9341111260965
2025-06-16,14448.0,14371.8004396656,13780.419544301096,14957.158005610556,2.8225882789753536,0.14086645687345165,9.720623457149047,93.82633179220171,2.294404790575593,409.1148254111149,95.22067324490612,25.805418321040406,189.41006699945112,4690.886453438867,3928.63347116955,5726.81048543023
2025-06-23,14506.0,14336.291167325546,13754.81393269544,14911.77789701935,2.7579672429758086,0.1424238240983398,8.990977779606814,69.42322703511564,1.6173036492148238,339.19702191178857,64.16076631319619,17.209868267528243,140.9145513556649,4706.725046969268,3937.6683579455644,5746.548067137568
2025-06-30,13703.0,14409.031586267516,13818.002791497822,15007.81201708339,1.4722674011683108,0.06475422758376416,5.177162515761989,54.77653619281602,2.853588471901071,260.327677615071,43.95384822012672,13.998977444867075,95.26444421524906,4816.4557260761285,4057.59907670505,5839.500040836372
2025-07-07,13612.0,13479.604406886583,12864.122576469921,14087.552351431652,2.6567588919602074,0.13772544673248974,8.5661383509336,174.55540473290893,33.73622092801422,468.3440799562278,30.907472686364077,11.40075935107462,62.85850215169485,3783.213755635122,2984.2514635651696,4875.401184642963
2025-07-14,13784.0,13317.743009590056,12722.762502614058,13913.984911335021,2.5263716903125233,0.12871193492213845,8.286153421635689,196.57592721441054,38.68181631173328,502.98776538108154,21.228655325742857,9.287538475438225,38.574417439151084,3602.736210260055,2827.8330494232405,4668.962181133188
2025-07-21,12239.0,12550.071422132656,11964.069467578753,13136.507760966724,1.1582815060053775,0.04558466125319944,4.301379320282391,207.5434214482064,41.44828758641628,517.1132881692938,19.22298624683374,9.602668185068337,36.339341996978206,2829.224660659671,2145.2359562897877,3789.6838242538124
2025-07-28,13894.0,13231.95876704237,12637.787313412216,13818.295772974978,2.515277014581614,0.1313298449897683,8.114241461264612,206.1677662845902,38.5640185941581,522.058496284152,14.060811092131704,6.75864161346747,24.93434745205351,3514.4555724479405,2754.577586321924,4560.691223954791
2025-08-04,13232.0,13017.136579176436,12436.65171385295,13608.280980648982,1.1330423560013811,0.04542365741666283,4.150611090203664,164.86621944395736,9.379278096893518,506.1896382732296,17.41522820106499,8.689025303248007,32.81122882728394,3330.111568328747,2583.897969354924,4370.711699624735
2025-08-11,13288.0,13424.49358988704,12849.65609643809,14018.66243900842,0.4211633256783311,0.005412389905055943,2.0634905572847666,122.9843780557611,2.4047999871539547,464.6193947554347,16.516455213319574,8.1746393664189,30.577242572948716,3784.6362017353745,3002.975540554088,4858.844429042582
2025-08-18,12977.0,12995.38899931266,12388.386302937644,13589.237137027058,1.7913943026789314,0.09328973565930415,5.712978638091259,89.5516450090239,1.4400069771947874,400.3641899830468,16.261538414904443,8.044310884341911,30.08879264866589,3387.846169066333,2632.644985710829,4436.831116385798
2025-08-25,13070.0,12945.03648552837,12350.992626101463,13539.449916337242,2.4737715624344427,0.1288227804992225,8.045951959274825,63.58646027422911,0.6204357950893192,323.8925199287492,17.624661223331064,8.797079352328016,33.083905515558214,3354.947959353121,2605.4168486284907,4403.537527020591
2025-09-01,14187.0,14158.548799925442,13564.396779639319,14770.009075073574,48.46502333507779,2.945143950105222,123.8103083686903,166.3766522816345,30.21276471399995,466.9238853042728,223.43119496636066,133.32231624769963,325.92940550097364,4213.278729245961,3421.307672387612,5283.578329570992
2025-09-08,13506.0,13357.398940347839,12777.901322640977,13954.97091048796,51.218824961263955,3.0700248236601637,129.55446610476602,197.96659753841698,39.75497498482712,506.7355565640234,282.6988331012946,189.9756309258454,373.78303237999086,3318.58410779203,2563.3646637305733,4361.544009838928
2025-09-15,13681.0,13900.790338385992,13310.663021558368,14488.238551907203,53.554852522648204,3.1988922643888986,133.7962782875367,206.33646827846187,40.828212197398535,517.0457134548975,293.68572840998337,197.18057868425032,388.14138134795365,3838.204136113295,3054.2080280600494,4917.18499403341
2025-09-22,14355.0,14259.256442490767,13665.455546713349,14843.908067369572,54.658877557271076,3.3360859085422465,136.5441646599834,209.9107524249836,41.17519209537766,522.8181696445088,299.7214238242368,199.23984043794664,400.19383302564,4187.279309108644,3395.4420505310336,5266.954667830529
2025-09-29,13089.0,13489.771691905593,12896.622092695085,14080.665061863276,57.71049287353672,3.5739888212464876,142.22149742988665,215.51188132819837,43.01867831144111,528.224158804127,318.1231896526911,211.18187333833967,433.54093896642877,3391.595715790125,2629.7782291931635,4443.081708652171
2025-10-06,14041.0,14016.516828576365,13429.715385069241,14614.115933262694,25.049014373325406,0.6340482933549383,93.60091740699511,172.35291368616967,7.529286291263344,515.6582559356925,236.2451861468134,123.03890447014312,341.9950235398128,4067.071898487284,3277.3080150773408,5144.794249443978
2025-10-13,13842.0,14091.381980860733,13507.960192012988,14671.80512247988,12.476459626904417,0.18742814289656115,61.92599212818802,134.75284604309377,4.386999747911553,487.34310978924526,157.3349897867565,57.12143301722471,268.16625614139326,4270.482076594631,3479.195000205865,5352.864443739967
2025-10-20,13791.0,14022.311096780413,13444.97785531152,14590.420537223476,6.961714765281844,0.0828121178084542,42.453280437552785,106.33171601783519,4.287151397859632,440.6331652526329,99.29339180128254,25.707564961545593,201.05591052241846,4294.4254823342535,3504.1358726035824,5375.266062794918
2025-10-27,14013.0,13676.502775746942,13080.252885591204,14273.549675313945,4.0073698380326555,0.04451748214138382,26.533357545491615,80.12623561300529,3.328020284791345,367.64557384113664,63.868502132535596,17.304271976954862,138.78499773792853,4009.2566907003784,3214.075950395294,5097.287771686352
2025-11-03,14344.0,14039.882157233385,13448.137712560547,14639.284335786113,44.59237429990479,2.6689116408031173,115.16246044014642,177.30746950609498,33.55758814045213,484.03003628084997,239.88250052913818,152.60133134876514,333.92353075079507,4051.8321877534904,3257.2245307195676,5140.733737817218
2025-11-10,15014.0,14878.12234516214,14284.231358075745,15473.210018223901,54.45243791492418,3.30604573910918,135.67904794849608,190.96655363084855,35.68597769602372,502.3703758451689,282.22129407139806,189.20503141769206,372.2404637854693,4833.710589821896,4087.2188082200855,5849.75921540233
2025-11-17,13855.0,14204.850657340925,13615.607572645644,14790.138563920713,54.76405225685127,3.315596119407187,135.7698401236229,203.16910073063403,39.59605075379259,516.6228743198868,300.44716244791374,201.09790001521355,398.8280154624192,4127.855673602551,3320.4687257226205,5220.025257195371
2025-11-24,14022.0,14111.515567487078,13526.44212164409,14691.737415138268,57.532778364699645,3.5608472187805336,141.9327325827143,206.10861445514087,39.174921489354695,520.5971725158004,319.4600966243671,212.65293365049976,432.54089142584166,4007.1266132128694,3212.114467449557,5094.526903190673
2025-12-01,13968.0,13609.747083174298,13003.530831435462,14202.35460544901,23.732496115103242,0.4411646616344193,90.76337107890087,160.51865665571896,6.530910906912195,499.3592932286188,242.28958865936448,131.7604223185921,343.06958617964864,3654.735228530081,2874.1913486351223,4725.44023128142
2025-12-08,13265.0,13238.890318393715,12650.705310383259,13822.231542548605,12.843803599554747,0.26017458886079775,60.22448558528367,120.67662894905511,3.0530499341224706,455.94001453687343,164.70055390266148,64.97389926602446,270.84074471254524,3408.904531270731,2653.7091134849,4460.202048764056
2025-12-15,14544.0,13865.011379482821,13281.975414696206,14442.871932215401,8.34108241404733,0.20448320346719137,42.40343374285222,92.65630416541119,3.3993491772894866,395.7514332546056,107.37505374248609,32.61165910426299,205.54285102596882,4127.179229059219,3335.7548922313913,5205.510512552076
2025-12-22,12955.0,12939.583035961523,12345.58758784133,13528.569023051512,5.965702039813267,0.1724206865474717,30.3069865956279,70.8720709814809,2.6262940963494934,333.61542039399313,64.96738501430163,13.163920610571648,147.58231399372468,3267.165889428718,2518.8983084123183,4301.774298579511
2025-12-29,13343.0,13348.340575029877,12758.894521370903,13936.725951948307,4.986968983912244,0.18763454673641428,21.397428984868142,51.323903154169905,2.357644002995039,244.6313110537878,44.795195446516225,13.05230153260288,100.07415587303818,3721.3545890799064,2945.1465052349645,4791.233486907903
